{
  "id": "MAP_ROUTE18_EAST_ENTRANCE_2F",
  "name": "Route18_EastEntrance_2F",
  "layout": "LAYOUT_ENTRANCE_2F",
  "music": "MUS_PEWTER",
  "region_map_section": "MAPSEC_ROUTE_18",
  "requires_flash": false,
  "weather": "WEATHER_NONE",
  "map_type": "MAP_TYPE_INDOOR",
  "allow_cycling": false,
  "allow_escaping": false,
  "allow_running": false,
  "show_map_name": false,
  "floor_number": 0,
  "battle_scene": "MAP_BATTLE_SCENE_NORMAL",
  "connections": null,
  "object_events": [
    {
      "type": "object",
      "graphics_id": "OBJ_EVENT_GFX_BOY",
      "x": 5,
      "y": 3,
      "elevation": 3,
      "movement_type": "MOVEMENT_TYPE_FACE_LEFT",
      "movement_range_x": 1,
      "movement_range_y": 1,
      "trainer_type": "TRAINER_TYPE_NONE",
      "trainer_sight_or_berry_tree_id": "0",
      "script": "Route18_EastEntrance_2F_EventScript_Haden",
      "flag": "0"
    }
  ],
  "warp_events": [
    {
      "x": 10,
      "y": 9,
      "elevation": 3,
      "dest_map": "MAP_ROUTE18_EAST_ENTRANCE_1F",
      "dest_warp_id": "2"
    }
  ],
  "coord_events": [],
  "bg_events": [
    {
      "type": "sign",
      "x": 4,
      "y": 1,
      "elevation": 0,
      "player_facing_dir": "BG_EVENT_PLAYER_FACING_ANY",
      "script": "Route18_EastEntrance_2F_EventScript_LeftBinoculars"
    },
    {
      "type": "sign",
      "x": 8,
      "y": 1,
      "elevation": 0,
      "player_facing_dir": "BG_EVENT_PLAYER_FACING_ANY",
      "script": "Route18_EastEntrance_2F_EventScript_RightBinoculars"
    }
  ]
}
