{
  "id": "MAP_CERULEAN_CAVE_2F",
  "name": "CeruleanCave_2F",
  "layout": "LAYOUT_CERULEAN_CAVE_2F",
  "music": "MUS_ROCKET_HIDEOUT",
  "region_map_section": "MAPSEC_CERULEAN_CAVE",
  "requires_flash": false,
  "weather": "WEATHER_NONE",
  "map_type": "MAP_TYPE_UNDERGROUND",
  "allow_cycling": true,
  "allow_escaping": true,
  "allow_running": true,
  "show_map_name": true,
  "floor_number": 0,
  "battle_scene": "MAP_BATTLE_SCENE_NORMAL",
  "connections": null,
  "object_events": [
    {
      "type": "object",
      "graphics_id": "OBJ_EVENT_GFX_ITEM_BALL",
      "x": 9,
      "y": 18,
      "elevation": 3,
      "movement_type": "MOVEMENT_TYPE_FACE_DOWN",
      "movement_range_x": 1,
      "movement_range_y": 1,
      "trainer_type": "TRAINER_TYPE_NONE",
      "trainer_sight_or_berry_tree_id": "0",
      "script": "CeruleanCave_2F_EventScript_ItemPPUp",
      "flag": "FLAG_HIDE_CERULEAN_CAVE_2F_PP_UP"
    },
    {
      "type": "object",
      "graphics_id": "OBJ_EVENT_GFX_ITEM_BALL",
      "x": 29,
      "y": 16,
      "elevation": 3,
      "movement_type": "MOVEMENT_TYPE_FACE_DOWN",
      "movement_range_x": 1,
      "movement_range_y": 1,
      "trainer_type": "TRAINER_TYPE_NONE",
      "trainer_sight_or_berry_tree_id": "0",
      "script": "CeruleanCave_2F_EventScript_ItemUltraBall",
      "flag": "FLAG_HIDE_CERULEAN_CAVE_2F_ULTRA_BALL"
    },
    {
      "type": "object",
      "graphics_id": "OBJ_EVENT_GFX_ITEM_BALL",
      "x": 33,
      "y": 12,
      "elevation": 3,
      "movement_type": "MOVEMENT_TYPE_FACE_DOWN",
      "movement_range_x": 1,
      "movement_range_y": 1,
      "trainer_type": "TRAINER_TYPE_NONE",
      "trainer_sight_or_berry_tree_id": "0",
      "script": "CeruleanCave_2F_EventScript_ItemFullRestore",
      "flag": "FLAG_HIDE_CERULEAN_CAVE_2F_FULL_RESTORE"
    },
    {
      "type": "object",
      "graphics_id": "OBJ_EVENT_GFX_ROCK_SMASH_ROCK",
      "x": 33,
      "y": 10,
      "elevation": 3,
      "movement_type": "MOVEMENT_TYPE_LOOK_AROUND",
      "movement_range_x": 1,
      "movement_range_y": 1,
      "trainer_type": "TRAINER_TYPE_NONE",
      "trainer_sight_or_berry_tree_id": "0",
      "script": "EventScript_RockSmash",
      "flag": "FLAG_TEMP_12"
    },
    {
      "type": "object",
      "graphics_id": "OBJ_EVENT_GFX_ROCK_SMASH_ROCK",
      "x": 33,
      "y": 9,
      "elevation": 3,
      "movement_type": "MOVEMENT_TYPE_LOOK_AROUND",
      "movement_range_x": 1,
      "movement_range_y": 1,
      "trainer_type": "TRAINER_TYPE_NONE",
      "trainer_sight_or_berry_tree_id": "0",
      "script": "EventScript_RockSmash",
      "flag": "FLAG_TEMP_13"
    },
    {
      "type": "object",
      "graphics_id": "OBJ_EVENT_GFX_ROCK_SMASH_ROCK",
      "x": 25,
      "y": 11,
      "elevation": 3,
      "movement_type": "MOVEMENT_TYPE_LOOK_AROUND",
      "movement_range_x": 1,
      "movement_range_y": 1,
      "trainer_type": "TRAINER_TYPE_NONE",
      "trainer_sight_or_berry_tree_id": "0",
      "script": "EventScript_RockSmash",
      "flag": "FLAG_TEMP_14"
    },
    {
      "type": "object",
      "graphics_id": "OBJ_EVENT_GFX_ROCK_SMASH_ROCK",
      "x": 28,
      "y": 20,
      "elevation": 3,
      "movement_type": "MOVEMENT_TYPE_LOOK_AROUND",
      "movement_range_x": 1,
      "movement_range_y": 1,
      "trainer_type": "TRAINER_TYPE_NONE",
      "trainer_sight_or_berry_tree_id": "0",
      "script": "EventScript_RockSmash",
      "flag": "FLAG_TEMP_15"
    },
    {
      "type": "object",
      "graphics_id": "OBJ_EVENT_GFX_ROCK_SMASH_ROCK",
      "x": 30,
      "y": 20,
      "elevation": 3,
      "movement_type": "MOVEMENT_TYPE_LOOK_AROUND",
      "movement_range_x": 1,
      "movement_range_y": 1,
      "trainer_type": "TRAINER_TYPE_NONE",
      "trainer_sight_or_berry_tree_id": "0",
      "script": "EventScript_RockSmash",
      "flag": "FLAG_TEMP_16"
    },
    {
      "type": "object",
      "graphics_id": "OBJ_EVENT_GFX_ROCK_SMASH_ROCK",
      "x": 9,
      "y": 13,
      "elevation": 3,
      "movement_type": "MOVEMENT_TYPE_LOOK_AROUND",
      "movement_range_x": 1,
      "movement_range_y": 1,
      "trainer_type": "TRAINER_TYPE_NONE",
      "trainer_sight_or_berry_tree_id": "0",
      "script": "EventScript_RockSmash",
      "flag": "FLAG_TEMP_17"
    },
    {
      "type": "object",
      "graphics_id": "OBJ_EVENT_GFX_ROCK_SMASH_ROCK",
      "x": 23,
      "y": 16,
      "elevation": 3,
      "movement_type": "MOVEMENT_TYPE_LOOK_AROUND",
      "movement_range_x": 1,
      "movement_range_y": 1,
      "trainer_type": "TRAINER_TYPE_NONE",
      "trainer_sight_or_berry_tree_id": "0",
      "script": "EventScript_RockSmash",
      "flag": "FLAG_TEMP_18"
    },
    {
      "type": "object",
      "graphics_id": "OBJ_EVENT_GFX_ROCK_SMASH_ROCK",
      "x": 13,
      "y": 6,
      "elevation": 3,
      "movement_type": "MOVEMENT_TYPE_LOOK_AROUND",
      "movement_range_x": 1,
      "movement_range_y": 1,
      "trainer_type": "TRAINER_TYPE_NONE",
      "trainer_sight_or_berry_tree_id": "0",
      "script": "EventScript_RockSmash",
      "flag": "FLAG_TEMP_19"
    },
    {
      "type": "object",
      "graphics_id": "OBJ_EVENT_GFX_ROCK_SMASH_ROCK",
      "x": 4,
      "y": 12,
      "elevation": 3,
      "movement_type": "MOVEMENT_TYPE_LOOK_AROUND",
      "movement_range_x": 1,
      "movement_range_y": 1,
      "trainer_type": "TRAINER_TYPE_NONE",
      "trainer_sight_or_berry_tree_id": "0",
      "script": "EventScript_RockSmash",
      "flag": "FLAG_TEMP_1A"
    },
    {
      "type": "object",
      "graphics_id": "OBJ_EVENT_GFX_ROCK_SMASH_ROCK",
      "x": 10,
      "y": 20,
      "elevation": 3,
      "movement_type": "MOVEMENT_TYPE_LOOK_AROUND",
      "movement_range_x": 1,
      "movement_range_y": 1,
      "trainer_type": "TRAINER_TYPE_NONE",
      "trainer_sight_or_berry_tree_id": "0",
      "script": "EventScript_RockSmash",
      "flag": "FLAG_TEMP_1B"
    }
  ],
  "warp_events": [
    {
      "x": 33,
      "y": 4,
      "elevation": 3,
      "dest_map": "MAP_CERULEAN_CAVE_1F",
      "dest_warp_id": "1"
    },
    {
      "x": 13,
      "y": 4,
      "elevation": 3,
      "dest_map": "MAP_CERULEAN_CAVE_1F",
      "dest_warp_id": "3"
    },
    {
      "x": 7,
      "y": 14,
      "elevation": 3,
      "dest_map": "MAP_CERULEAN_CAVE_1F",
      "dest_warp_id": "4"
    },
    {
      "x": 26,
      "y": 9,
      "elevation": 3,
      "dest_map": "MAP_CERULEAN_CAVE_1F",
      "dest_warp_id": "5"
    },
    {
      "x": 23,
      "y": 10,
      "elevation": 3,
      "dest_map": "MAP_CERULEAN_CAVE_1F",
      "dest_warp_id": "6"
    },
    {
      "x": 5,
      "y": 6,
      "elevation": 3,
      "dest_map": "MAP_CERULEAN_CAVE_1F",
      "dest_warp_id": "7"
    }
  ],
  "coord_events": [],
  "bg_events": []
}
