{
  "id": "MAP_SSANNE_1F_ROOM3",
  "name": "SSAnne_1F_Room3",
  "layout": "LAYOUT_SSANNE_ROOM1",
  "music": "MUS_SS_ANNE",
  "region_map_section": "MAPSEC_S_S_ANNE",
  "requires_flash": false,
  "weather": "WEATHER_NONE",
  "map_type": "MAP_TYPE_INDOOR",
  "allow_cycling": false,
  "allow_escaping": false,
  "allow_running": true,
  "show_map_name": true,
  "floor_number": 0,
  "battle_scene": "MAP_BATTLE_SCENE_NORMAL",
  "connections": null,
  "object_events": [
    {
      "type": "object",
      "graphics_id": "OBJ_EVENT_GFX_LITTLE_GIRL",
      "x": 3,
      "y": 4,
      "elevation": 3,
      "movement_type": "MOVEMENT_TYPE_WALK_SEQUENCE_RIGHT_DOWN_LEFT_UP",
      "movement_range_x": 2,
      "movement_range_y": 3,
      "trainer_type": "TRAINER_TYPE_NONE",
      "trainer_sight_or_berry_tree_id": "0",
      "script": "SSAnne_1F_Room3_EventScript_LittleGirl",
      "flag": "0"
    },
    {
      "type": "object",
      "graphics_id": "OBJ_EVENT_GFX_WIGGLYTUFF",
      "x": 4,
      "y": 2,
      "elevation": 3,
      "movement_type": "MOVEMENT_TYPE_FACE_DOWN",
      "movement_range_x": 1,
      "movement_range_y": 1,
      "trainer_type": "TRAINER_TYPE_NONE",
      "trainer_sight_or_berry_tree_id": "0",
      "script": "SSAnne_1F_Room3_EventScript_Wigglytuff",
      "flag": "0"
    },
    {
      "type": "object",
      "graphics_id": "OBJ_EVENT_GFX_BALDING_MAN",
      "x": 0,
      "y": 4,
      "elevation": 3,
      "movement_type": "MOVEMENT_TYPE_FACE_RIGHT",
      "movement_range_x": 1,
      "movement_range_y": 1,
      "trainer_type": "TRAINER_TYPE_NONE",
      "trainer_sight_or_berry_tree_id": "0",
      "script": "SSAnne_1F_Room3_EventScript_BaldingMan",
      "flag": "0"
    }
  ],
  "warp_events": [
    {
      "x": 2,
      "y": 1,
      "elevation": 0,
      "dest_map": "MAP_SSANNE_1F_CORRIDOR",
      "dest_warp_id": "8"
    }
  ],
  "coord_events": [],
  "bg_events": []
}
