{
  "id": "MAP_SSANNE_B1F_ROOM5",
  "name": "SSAnne_B1F_Room5",
  "layout": "LAYOUT_SSANNE_ROOM2",
  "music": "MUS_SS_ANNE",
  "region_map_section": "MAPSEC_S_S_ANNE",
  "requires_flash": false,
  "weather": "WEATHER_NONE",
  "map_type": "MAP_TYPE_INDOOR",
  "allow_cycling": false,
  "allow_escaping": false,
  "allow_running": true,
  "show_map_name": true,
  "floor_number": 0,
  "battle_scene": "MAP_BATTLE_SCENE_NORMAL",
  "connections": null,
  "object_events": [
    {
      "type": "object",
      "graphics_id": "OBJ_EVENT_GFX_BOY",
      "x": 3,
      "y": 5,
      "elevation": 3,
      "movement_type": "MOVEMENT_TYPE_FACE_DOWN",
      "movement_range_x": 1,
      "movement_range_y": 1,
      "trainer_type": "TRAINER_TYPE_NONE",
      "trainer_sight_or_berry_tree_id": "0",
      "script": "SSAnne_B1F_Room5_EventScript_Boy",
      "flag": "0"
    },
    {
      "type": "object",
      "graphics_id": "OBJ_EVENT_GFX_MACHOKE",
      "x": 2,
      "y": 5,
      "elevation": 3,
      "movement_type": "MOVEMENT_TYPE_FACE_DOWN",
      "movement_range_x": 1,
      "movement_range_y": 1,
      "trainer_type": "TRAINER_TYPE_NONE",
      "trainer_sight_or_berry_tree_id": "0",
      "script": "SSAnne_B1F_Room5_EventScript_Machoke",
      "flag": "0"
    },
    {
      "type": "object",
      "graphics_id": "OBJ_EVENT_GFX_ITEM_BALL",
      "x": 2,
      "y": 2,
      "elevation": 0,
      "movement_type": "MOVEMENT_TYPE_FACE_DOWN",
      "movement_range_x": 1,
      "movement_range_y": 1,
      "trainer_type": "TRAINER_TYPE_NONE",
      "trainer_sight_or_berry_tree_id": "0",
      "script": "SSAnne_B1F_Room5_EventScript_ItemSuperPotion",
      "flag": "FLAG_HIDE_SSANNE_B1F_ROOM5_SUPER_POTION"
    }
  ],
  "warp_events": [
    {
      "x": 4,
      "y": 7,
      "elevation": 3,
      "dest_map": "MAP_SSANNE_B1F_CORRIDOR",
      "dest_warp_id": "5"
    }
  ],
  "coord_events": [],
  "bg_events": []
}
