{
  "id": "MAP_SEVEN_ISLAND_SEVAULT_CANYON_HOUSE",
  "name": "SevenIsland_SevaultCanyon_House",
  "layout": "LAYOUT_HOUSE3",
  "music": "MUS_SEVII_67",
  "region_map_section": "MAPSEC_SEVAULT_CANYON",
  "requires_flash": false,
  "weather": "WEATHER_NONE",
  "map_type": "MAP_TYPE_INDOOR",
  "allow_cycling": false,
  "allow_escaping": false,
  "allow_running": false,
  "show_map_name": false,
  "floor_number": 0,
  "battle_scene": "MAP_BATTLE_SCENE_NORMAL",
  "connections": null,
  "object_events": [
    {
      "type": "object",
      "graphics_id": "OBJ_EVENT_GFX_BALDING_MAN",
      "x": 2,
      "y": 4,
      "elevation": 3,
      "movement_type": "MOVEMENT_TYPE_FACE_DOWN",
      "movement_range_x": 1,
      "movement_range_y": 1,
      "trainer_type": "TRAINER_TYPE_NONE",
      "trainer_sight_or_berry_tree_id": "0",
      "script": "SevenIsland_SevaultCanyon_House_EventScript_BaldingMan",
      "flag": "0"
    },
    {
      "type": "object",
      "graphics_id": "OBJ_EVENT_GFX_CHANSEY",
      "x": 4,
      "y": 2,
      "elevation": 3,
      "movement_type": "MOVEMENT_TYPE_FACE_DOWN",
      "movement_range_x": 1,
      "movement_range_y": 1,
      "trainer_type": "TRAINER_TYPE_NONE",
      "trainer_sight_or_berry_tree_id": "0",
      "script": "SevenIsland_SevaultCanyon_House_EventScript_Chansey",
      "flag": "0"
    },
    {
      "type": "object",
      "graphics_id": "OBJ_EVENT_GFX_ITEM_BALL",
      "x": 6,
      "y": 4,
      "elevation": 0,
      "movement_type": "MOVEMENT_TYPE_FACE_DOWN",
      "movement_range_x": 1,
      "movement_range_y": 1,
      "trainer_type": "TRAINER_TYPE_NONE",
      "trainer_sight_or_berry_tree_id": "0",
      "script": "SevenIsland_SevaultCanyon_House_EventScript_ItemLuckyPunch",
      "flag": "FLAG_HIDE_SEVEN_ISLAND_SEVAULT_CANYON_HOUSE_LUCKY_PUNCH"
    }
  ],
  "warp_events": [
    {
      "x": 4,
      "y": 7,
      "elevation": 3,
      "dest_map": "MAP_SEVEN_ISLAND_SEVAULT_CANYON",
      "dest_warp_id": "1"
    }
  ],
  "coord_events": [],
  "bg_events": []
}
