{
  "id": "MAP_VICTORY_ROAD_2F",
  "name": "VictoryRoad_2F",
  "layout": "LAYOUT_VICTORY_ROAD_2F",
  "music": "MUS_MT_MOON",
  "region_map_section": "MAPSEC_KANTO_VICTORY_ROAD",
  "requires_flash": false,
  "weather": "WEATHER_NONE",
  "map_type": "MAP_TYPE_UNDERGROUND",
  "allow_cycling": true,
  "allow_escaping": true,
  "allow_running": true,
  "show_map_name": true,
  "floor_number": 0,
  "battle_scene": "MAP_BATTLE_SCENE_NORMAL",
  "connections": null,
  "object_events": [
    {
      "type": "object",
      "graphics_id": "OBJ_EVENT_GFX_SUPER_NERD",
      "x": 7,
      "y": 4,
      "elevation": 3,
      "movement_type": "MOVEMENT_TYPE_FACE_DOWN",
      "movement_range_x": 1,
      "movement_range_y": 1,
      "trainer_type": "TRAINER_TYPE_NORMAL",
      "trainer_sight_or_berry_tree_id": "1",
      "script": "VictoryRoad_2F_EventScript_Dawson",
      "flag": "0"
    },
    {
      "type": "object",
      "graphics_id": "OBJ_EVENT_GFX_BLACKBELT",
      "x": 20,
      "y": 11,
      "elevation": 4,
      "movement_type": "MOVEMENT_TYPE_FACE_DOWN_AND_LEFT",
      "movement_range_x": 1,
      "movement_range_y": 1,
      "trainer_type": "TRAINER_TYPE_NORMAL",
      "trainer_sight_or_berry_tree_id": "4",
      "script": "VictoryRoad_2F_EventScript_Daisuke",
      "flag": "0"
    },
    {
      "type": "object",
      "graphics_id": "OBJ_EVENT_GFX_ROCKER",
      "x": 31,
      "y": 16,
      "elevation": 4,
      "movement_type": "MOVEMENT_TYPE_FACE_LEFT",
      "movement_range_x": 1,
      "movement_range_y": 1,
      "trainer_type": "TRAINER_TYPE_NORMAL",
      "trainer_sight_or_berry_tree_id": "4",
      "script": "VictoryRoad_2F_EventScript_Nelson",
      "flag": "0"
    },
    {
      "type": "object",
      "graphics_id": "OBJ_EVENT_GFX_MAN",
      "x": 26,
      "y": 6,
      "elevation": 3,
      "movement_type": "MOVEMENT_TYPE_WALK_SEQUENCE_DOWN_RIGHT_LEFT_UP",
      "movement_range_x": 4,
      "movement_range_y": 4,
      "trainer_type": "TRAINER_TYPE_NORMAL",
      "trainer_sight_or_berry_tree_id": "1",
      "script": "VictoryRoad_2F_EventScript_Vincent",
      "flag": "0"
    },
    {
      "type": "object",
      "graphics_id": "OBJ_EVENT_GFX_ROCKER",
      "x": 36,
      "y": 5,
      "elevation": 3,
      "movement_type": "MOVEMENT_TYPE_FACE_UP",
      "movement_range_x": 1,
      "movement_range_y": 1,
      "trainer_type": "TRAINER_TYPE_NORMAL",
      "trainer_sight_or_berry_tree_id": "3",
      "script": "VictoryRoad_2F_EventScript_Gregory",
      "flag": "0"
    },
    {
      "type": "object",
      "graphics_id": "OBJ_EVENT_GFX_ITEM_BALL",
      "x": 17,
      "y": 6,
      "elevation": 3,
      "movement_type": "MOVEMENT_TYPE_FACE_DOWN",
      "movement_range_x": 1,
      "movement_range_y": 1,
      "trainer_type": "TRAINER_TYPE_NONE",
      "trainer_sight_or_berry_tree_id": "0",
      "script": "VictoryRoad_2F_EventScript_ItemGuardSpec",
      "flag": "FLAG_HIDE_VICTORY_ROAD_2F_GUARD_SPEC"
    },
    {
      "type": "object",
      "graphics_id": "OBJ_EVENT_GFX_ITEM_BALL",
      "x": 40,
      "y": 7,
      "elevation": 3,
      "movement_type": "MOVEMENT_TYPE_FACE_DOWN",
      "movement_range_x": 1,
      "movement_range_y": 1,
      "trainer_type": "TRAINER_TYPE_NONE",
      "trainer_sight_or_berry_tree_id": "0",
      "script": "VictoryRoad_2F_EventScript_ItemTM07",
      "flag": "FLAG_HIDE_VICTORY_ROAD_2F_TM07"
    },
    {
      "type": "object",
      "graphics_id": "OBJ_EVENT_GFX_ITEM_BALL",
      "x": 25,
      "y": 13,
      "elevation": 3,
      "movement_type": "MOVEMENT_TYPE_FACE_DOWN",
      "movement_range_x": 1,
      "movement_range_y": 1,
      "trainer_type": "TRAINER_TYPE_NONE",
      "trainer_sight_or_berry_tree_id": "0",
      "script": "VictoryRoad_2F_EventScript_ItemFullHeal",
      "flag": "FLAG_HIDE_VICTORY_ROAD_2F_FULL_HEAL"
    },
    {
      "type": "object",
      "graphics_id": "OBJ_EVENT_GFX_ITEM_BALL",
      "x": 14,
      "y": 13,
      "elevation": 3,
      "movement_type": "MOVEMENT_TYPE_FACE_DOWN",
      "movement_range_x": 1,
      "movement_range_y": 1,
      "trainer_type": "TRAINER_TYPE_NONE",
      "trainer_sight_or_berry_tree_id": "0",
      "script": "VictoryRoad_2F_EventScript_ItemTM37",
      "flag": "FLAG_HIDE_VICTORY_ROAD_2F_TM37"
    },
    {
      "type": "object",
      "graphics_id": "OBJ_EVENT_GFX_PUSHABLE_BOULDER",
      "x": 8,
      "y": 7,
      "elevation": 3,
      "movement_type": "MOVEMENT_TYPE_FACE_DOWN",
      "movement_range_x": 0,
      "movement_range_y": 0,
      "trainer_type": "TRAINER_TYPE_NONE",
      "trainer_sight_or_berry_tree_id": "0",
      "script": "EventScript_StrengthBoulder",
      "flag": "0"
    },
    {
      "type": "object",
      "graphics_id": "OBJ_EVENT_GFX_PUSHABLE_BOULDER",
      "x": 6,
      "y": 17,
      "elevation": 3,
      "movement_type": "MOVEMENT_TYPE_FACE_DOWN",
      "movement_range_x": 0,
      "movement_range_y": 0,
      "trainer_type": "TRAINER_TYPE_NONE",
      "trainer_sight_or_berry_tree_id": "0",
      "script": "EventScript_StrengthBoulder",
      "flag": "0"
    },
    {
      "type": "object",
      "graphics_id": "OBJ_EVENT_GFX_PUSHABLE_BOULDER",
      "x": 33,
      "y": 19,
      "elevation": 3,
      "movement_type": "MOVEMENT_TYPE_FACE_DOWN",
      "movement_range_x": 0,
      "movement_range_y": 0,
      "trainer_type": "TRAINER_TYPE_NONE",
      "trainer_sight_or_berry_tree_id": "0",
      "script": "EventScript_StrengthBoulder",
      "flag": "FLAG_HIDE_VICTORY_ROAD_2F_BOULDER"
    },
    {
      "type": "object",
      "graphics_id": "OBJ_EVENT_GFX_COOLTRAINER_M",
      "x": 40,
      "y": 9,
      "elevation": 3,
      "movement_type": "MOVEMENT_TYPE_FACE_DOWN",
      "movement_range_x": 1,
      "movement_range_y": 1,
      "trainer_type": "TRAINER_TYPE_NONE",
      "trainer_sight_or_berry_tree_id": "0",
      "script": "VictoryRoad_2F_EventScript_DoubleEdgeTutor",
      "flag": "0"
    }
  ],
  "warp_events": [
    {
      "x": 1,
      "y": 9,
      "elevation": 3,
      "dest_map": "MAP_VICTORY_ROAD_1F",
      "dest_warp_id": "0"
    },
    {
      "x": 3,
      "y": 3,
      "elevation": 3,
      "dest_map": "MAP_VICTORY_ROAD_3F",
      "dest_warp_id": "0"
    },
    {
      "x": 34,
      "y": 9,
      "elevation": 3,
      "dest_map": "MAP_VICTORY_ROAD_3F",
      "dest_warp_id": "1"
    },
    {
      "x": 38,
      "y": 9,
      "elevation": 3,
      "dest_map": "MAP_VICTORY_ROAD_3F",
      "dest_warp_id": "2"
    },
    {
      "x": 36,
      "y": 17,
      "elevation": 4,
      "dest_map": "MAP_VICTORY_ROAD_3F",
      "dest_warp_id": "3"
    },
    {
      "x": 49,
      "y": 13,
      "elevation": 0,
      "dest_map": "MAP_ROUTE23",
      "dest_warp_id": "1"
    },
    {
      "x": 48,
      "y": 12,
      "elevation": 3,
      "dest_map": "MAP_ROUTE23",
      "dest_warp_id": "1"
    },
    {
      "x": 47,
      "y": 13,
      "elevation": 0,
      "dest_map": "MAP_ROUTE23",
      "dest_warp_id": "1"
    },
    {
      "x": 34,
      "y": 19,
      "elevation": 3,
      "dest_map": "MAP_VICTORY_ROAD_3F",
      "dest_warp_id": "4"
    }
  ],
  "coord_events": [
    {
      "type": "trigger",
      "x": 2,
      "y": 19,
      "elevation": 3,
      "var": "VAR_MAP_SCENE_VICTORY_ROAD_2F_BOULDER1",
      "var_value": "99",
      "script": "VictoryRoad_2F_EventScript_FloorSwitch1"
    },
    {
      "type": "trigger",
      "x": 14,
      "y": 19,
      "elevation": 3,
      "var": "VAR_MAP_SCENE_VICTORY_ROAD_2F_BOULDER2",
      "var_value": "99",
      "script": "VictoryRoad_2F_EventScript_FloorSwitch2"
    }
  ],
  "bg_events": []
}
