{
  "id": "MAP_CINNABAR_ISLAND_POKEMON_LAB_RESEARCH_ROOM",
  "name": "CinnabarIsland_PokemonLab_ResearchRoom",
  "layout": "LAYOUT_CINNABAR_ISLAND_POKEMON_LAB_RESEARCH_ROOM",
  "music": "MUS_CINNABAR",
  "region_map_section": "MAPSEC_CINNABAR_ISLAND",
  "requires_flash": false,
  "weather": "WEATHER_NONE",
  "map_type": "MAP_TYPE_INDOOR",
  "allow_cycling": false,
  "allow_escaping": false,
  "allow_running": false,
  "show_map_name": false,
  "floor_number": 0,
  "battle_scene": "MAP_BATTLE_SCENE_NORMAL",
  "connections": null,
  "object_events": [
    {
      "type": "object",
      "graphics_id": "OBJ_EVENT_GFX_SUPER_NERD",
      "x": 5,
      "y": 4,
      "elevation": 3,
      "movement_type": "MOVEMENT_TYPE_WANDER_AROUND",
      "movement_range_x": 1,
      "movement_range_y": 1,
      "trainer_type": "TRAINER_TYPE_NONE",
      "trainer_sight_or_berry_tree_id": "0",
      "script": "CinnabarIsland_PokemonLab_ResearchRoom_EventScript_MetronomeTutor",
      "flag": "0"
    },
    {
      "type": "object",
      "graphics_id": "OBJ_EVENT_GFX_SCIENTIST",
      "x": 10,
      "y": 3,
      "elevation": 3,
      "movement_type": "MOVEMENT_TYPE_WANDER_AROUND",
      "movement_range_x": 1,
      "movement_range_y": 1,
      "trainer_type": "TRAINER_TYPE_NONE",
      "trainer_sight_or_berry_tree_id": "0",
      "script": "CinnabarIsland_PokemonLab_ResearchRoom_EventScript_Scientist",
      "flag": "0"
    }
  ],
  "warp_events": [
    {
      "x": 7,
      "y": 9,
      "elevation": 3,
      "dest_map": "MAP_CINNABAR_ISLAND_POKEMON_LAB_ENTRANCE",
      "dest_warp_id": "4"
    }
  ],
  "coord_events": [],
  "bg_events": [
    {
      "type": "sign",
      "x": 6,
      "y": 1,
      "elevation": 0,
      "player_facing_dir": "BG_EVENT_PLAYER_FACING_ANY",
      "script": "CinnabarIsland_PokemonLab_ResearchRoom_EventScript_AmberPipe"
    },
    {
      "type": "sign",
      "x": 3,
      "y": 1,
      "elevation": 0,
      "player_facing_dir": "BG_EVENT_PLAYER_FACING_ANY",
      "script": "CinnabarIsland_PokemonLab_ResearchRoom_EventScript_Computer"
    }
  ]
}
