{
  "id": "MAP_NAVEL_ROCK_BASE_PATH_B9F",
  "name": "NavelRock_BasePath_B9F",
  "layout": "LAYOUT_NAVEL_ROCK_BASE_PATH_B9F",
  "music": "MUS_SEVII_CAVE",
  "region_map_section": "MAPSEC_NAVEL_ROCK",
  "requires_flash": false,
  "weather": "WEATHER_NONE",
  "map_type": "MAP_TYPE_UNDERGROUND",
  "allow_cycling": false,
  "allow_escaping": false,
  "allow_running": true,
  "show_map_name": true,
  "floor_number": 0,
  "battle_scene": "MAP_BATTLE_SCENE_NORMAL",
  "connections": null,
  "object_events": [],
  "warp_events": [
    {
      "x": 2,
      "y": 2,
      "elevation": 3,
      "dest_map": "MAP_NAVEL_ROCK_BASE_PATH_B8F",
      "dest_warp_id": "1"
    },
    {
      "x": 4,
      "y": 4,
      "elevation": 3,
      "dest_map": "MAP_NAVEL_ROCK_BASE_PATH_B10F",
      "dest_warp_id": "0"
    }
  ],
  "coord_events": [],
  "bg_events": []
}
