{
  "id": "MAP_RECORD_CORNER",
  "name": "RecordCorner",
  "layout": "LAYOUT_RECORD_CORNER",
  "music": "MUS_POKE_CENTER",
  "region_map_section": "MAPSEC_SPECIAL_AREA",
  "requires_flash": false,
  "weather": "WEATHER_NONE",
  "map_type": "MAP_TYPE_INDOOR",
  "allow_cycling": false,
  "allow_escaping": false,
  "allow_running": false,
  "show_map_name": false,
  "floor_number": 0,
  "battle_scene": "MAP_BATTLE_SCENE_NORMAL",
  "connections": null,
  "object_events": [
    {
      "type": "object",
      "graphics_id": "OBJ_EVENT_GFX_UNION_ROOM_RECEPTIONIST",
      "x": 10,
      "y": 5,
      "elevation": 0,
      "movement_type": "MOVEMENT_TYPE_FACE_DOWN",
      "movement_range_x": 0,
      "movement_range_y": 0,
      "trainer_type": "TRAINER_TYPE_NONE",
      "trainer_sight_or_berry_tree_id": "0",
      "script": "RecordCorner_EventScript_Attendant",
      "flag": "0"
    }
  ],
  "warp_events": [
    {
      "x": 8,
      "y": 9,
      "elevation": 3,
      "dest_map": "MAP_DYNAMIC",
      "dest_warp_id": "WARP_ID_DYNAMIC"
    },
    {
      "x": 9,
      "y": 9,
      "elevation": 3,
      "dest_map": "MAP_DYNAMIC",
      "dest_warp_id": "WARP_ID_DYNAMIC"
    },
    {
      "x": 11,
      "y": 9,
      "elevation": 3,
      "dest_map": "MAP_DYNAMIC",
      "dest_warp_id": "WARP_ID_DYNAMIC"
    },
    {
      "x": 10,
      "y": 9,
      "elevation": 3,
      "dest_map": "MAP_DYNAMIC",
      "dest_warp_id": "WARP_ID_DYNAMIC"
    }
  ],
  "coord_events": [
    {
      "type": "trigger",
      "x": 6,
      "y": 4,
      "elevation": 3,
      "var": "VAR_TEMP_0",
      "var_value": "0",
      "script": "RecordCorner_EventScript_Spot0"
    },
    {
      "type": "trigger",
      "x": 6,
      "y": 6,
      "elevation": 3,
      "var": "VAR_TEMP_0",
      "var_value": "0",
      "script": "RecordCorner_EventScript_Spot1"
    },
    {
      "type": "trigger",
      "x": 13,
      "y": 4,
      "elevation": 3,
      "var": "VAR_TEMP_0",
      "var_value": "0",
      "script": "RecordCorner_EventScript_Spot2"
    },
    {
      "type": "trigger",
      "x": 13,
      "y": 6,
      "elevation": 3,
      "var": "VAR_TEMP_0",
      "var_value": "0",
      "script": "RecordCorner_EventScript_Spot3"
    }
  ],
  "bg_events": []
}
