{
  "id": "MAP_SSANNE_B1F_CORRIDOR",
  "name": "SSAnne_B1F_Corridor",
  "layout": "LAYOUT_SSANNE_B1F_CORRIDOR",
  "music": "MUS_SS_ANNE",
  "region_map_section": "MAPSEC_S_S_ANNE",
  "requires_flash": false,
  "weather": "WEATHER_NONE",
  "map_type": "MAP_TYPE_INDOOR",
  "allow_cycling": false,
  "allow_escaping": false,
  "allow_running": true,
  "show_map_name": true,
  "floor_number": 0,
  "battle_scene": "MAP_BATTLE_SCENE_NORMAL",
  "connections": null,
  "object_events": [],
  "warp_events": [
    {
      "x": 19,
      "y": 3,
      "elevation": 3,
      "dest_map": "MAP_SSANNE_1F_CORRIDOR",
      "dest_warp_id": "5"
    },
    {
      "x": 2,
      "y": 2,
      "elevation": 0,
      "dest_map": "MAP_SSANNE_B1F_ROOM1",
      "dest_warp_id": "0"
    },
    {
      "x": 6,
      "y": 2,
      "elevation": 0,
      "dest_map": "MAP_SSANNE_B1F_ROOM2",
      "dest_warp_id": "0"
    },
    {
      "x": 10,
      "y": 2,
      "elevation": 0,
      "dest_map": "MAP_SSANNE_B1F_ROOM3",
      "dest_warp_id": "0"
    },
    {
      "x": 14,
      "y": 2,
      "elevation": 0,
      "dest_map": "MAP_SSANNE_B1F_ROOM4",
      "dest_warp_id": "0"
    },
    {
      "x": 18,
      "y": 2,
      "elevation": 0,
      "dest_map": "MAP_SSANNE_B1F_ROOM5",
      "dest_warp_id": "0"
    }
  ],
  "coord_events": [],
  "bg_events": [
    {
      "type": "hidden_item",
      "x": 21,
      "y": 5,
      "elevation": 3,
      "item": "ITEM_HYPER_POTION",
      "flag": "FLAG_HIDDEN_ITEM_SSANNE_B1F_CORRIDOR_HYPER_POTION",
      "quantity": 1,
      "underfoot": false
    }
  ]
}
