{
  "id": "MAP_VERMILION_CITY_POKEMON_CENTER_1F",
  "name": "VermilionCity_PokemonCenter_1F",
  "layout": "LAYOUT_POKEMON_CENTER_1F",
  "music": "MUS_POKE_CENTER",
  "region_map_section": "MAPSEC_VERMILION_CITY",
  "requires_flash": false,
  "weather": "WEATHER_NONE",
  "map_type": "MAP_TYPE_INDOOR",
  "allow_cycling": false,
  "allow_escaping": false,
  "allow_running": false,
  "show_map_name": false,
  "floor_number": 0,
  "battle_scene": "MAP_BATTLE_SCENE_NORMAL",
  "connections": null,
  "object_events": [
    {
      "type": "object",
      "graphics_id": "OBJ_EVENT_GFX_NURSE",
      "x": 7,
      "y": 2,
      "elevation": 3,
      "movement_type": "MOVEMENT_TYPE_FACE_DOWN",
      "movement_range_x": 1,
      "movement_range_y": 1,
      "trainer_type": "TRAINER_TYPE_NONE",
      "trainer_sight_or_berry_tree_id": "0",
      "script": "VermilionCity_PokemonCenter_1F_EventScript_Nurse",
      "flag": "0"
    },
    {
      "type": "object",
      "graphics_id": "OBJ_EVENT_GFX_MAN",
      "x": 4,
      "y": 8,
      "elevation": 3,
      "movement_type": "MOVEMENT_TYPE_WANDER_LEFT_AND_RIGHT",
      "movement_range_x": 1,
      "movement_range_y": 1,
      "trainer_type": "TRAINER_TYPE_NONE",
      "trainer_sight_or_berry_tree_id": "0",
      "script": "VermilionCity_PokemonCenter_1F_EventScript_Man",
      "flag": "0"
    },
    {
      "type": "object",
      "graphics_id": "OBJ_EVENT_GFX_HIKER",
      "x": 12,
      "y": 5,
      "elevation": 3,
      "movement_type": "MOVEMENT_TYPE_FACE_DOWN",
      "movement_range_x": 1,
      "movement_range_y": 1,
      "trainer_type": "TRAINER_TYPE_NONE",
      "trainer_sight_or_berry_tree_id": "0",
      "script": "VermilionCity_PokemonCenter_1F_EventScript_Hiker",
      "flag": "0"
    },
    {
      "type": "object",
      "graphics_id": "OBJ_EVENT_GFX_YOUNGSTER",
      "x": 14,
      "y": 4,
      "elevation": 3,
      "movement_type": "MOVEMENT_TYPE_WANDER_UP_AND_DOWN",
      "movement_range_x": 1,
      "movement_range_y": 1,
      "trainer_type": "TRAINER_TYPE_NONE",
      "trainer_sight_or_berry_tree_id": "0",
      "script": "VermilionCity_PokemonCenter_1F_EventScript_Youngster",
      "flag": "0"
    },
    {
      "type": "object",
      "graphics_id": "OBJ_EVENT_GFX_COOLTRAINER_F",
      "x": 6,
      "y": 4,
      "elevation": 3,
      "movement_type": "MOVEMENT_TYPE_FACE_DOWN",
      "movement_range_x": 1,
      "movement_range_y": 1,
      "trainer_type": "TRAINER_TYPE_NONE",
      "trainer_sight_or_berry_tree_id": "0",
      "script": "VermilionCity_PokemonCenter_1F_EventScript_VSSeekerWoman",
      "flag": "0"
    },
    {
      "type": "object",
      "graphics_id": "0",
      "x": 2,
      "y": 1,
      "elevation": 0,
      "movement_type": "MOVEMENT_TYPE_INVISIBLE",
      "movement_range_x": 1,
      "movement_range_y": 1,
      "trainer_type": "TRAINER_TYPE_NONE",
      "trainer_sight_or_berry_tree_id": "0",
      "script": "VermilionCity_PokemonCenter_1F_EventScript_PokemonJournalLtSurge",
      "flag": "FLAG_HIDE_FAME_CHECKER_LT_SURGE_JOURNAL"
    },
    {
      "type": "object",
      "graphics_id": "0",
      "x": 3,
      "y": 1,
      "elevation": 0,
      "movement_type": "MOVEMENT_TYPE_INVISIBLE",
      "movement_range_x": 1,
      "movement_range_y": 1,
      "trainer_type": "TRAINER_TYPE_NONE",
      "trainer_sight_or_berry_tree_id": "0",
      "script": "VermilionCity_PokemonCenter_1F_EventScript_PokemonJournalLtSurge",
      "flag": "FLAG_HIDE_FAME_CHECKER_LT_SURGE_JOURNAL"
    }
  ],
  "warp_events": [
    {
      "x": 6,
      "y": 8,
      "elevation": 3,
      "dest_map": "MAP_VERMILION_CITY",
      "dest_warp_id": "4"
    },
    {
      "x": 7,
      "y": 8,
      "elevation": 3,
      "dest_map": "MAP_VERMILION_CITY",
      "dest_warp_id": "4"
    },
    {
      "x": 8,
      "y": 8,
      "elevation": 3,
      "dest_map": "MAP_VERMILION_CITY",
      "dest_warp_id": "4"
    },
    {
      "x": 1,
      "y": 6,
      "elevation": 4,
      "dest_map": "MAP_VERMILION_CITY_POKEMON_CENTER_2F",
      "dest_warp_id": "0"
    }
  ],
  "coord_events": [],
  "bg_events": []
}
