{
  "id": "MAP_ONE_ISLAND_KINDLE_ROAD",
  "name": "OneIsland_KindleRoad",
  "layout": "LAYOUT_ONE_ISLAND_KINDLE_ROAD",
  "music": "MUS_ROUTE3",
  "region_map_section": "MAPSEC_KINDLE_ROAD",
  "requires_flash": false,
  "weather": "WEATHER_SUNNY",
  "map_type": "MAP_TYPE_ROUTE",
  "allow_cycling": true,
  "allow_escaping": false,
  "allow_running": true,
  "show_map_name": true,
  "floor_number": 0,
  "battle_scene": "MAP_BATTLE_SCENE_NORMAL",
  "connections": [
    {
      "map": "MAP_ONE_ISLAND",
      "offset": 120,
      "direction": "left"
    }
  ],
  "object_events": [
    {
      "type": "object",
      "graphics_id": "OBJ_EVENT_GFX_SWIMMER_F_WATER",
      "x": 11,
      "y": 32,
      "elevation": 1,
      "movement_type": "MOVEMENT_TYPE_FACE_LEFT_AND_RIGHT",
      "movement_range_x": 1,
      "movement_range_y": 1,
      "trainer_type": "TRAINER_TYPE_NORMAL",
      "trainer_sight_or_berry_tree_id": "4",
      "script": "OneIsland_KindleRoad_EventScript_Maria",
      "flag": "0"
    },
    {
      "type": "object",
      "graphics_id": "OBJ_EVENT_GFX_SWIMMER_F_LAND",
      "x": 17,
      "y": 132,
      "elevation": 3,
      "movement_type": "MOVEMENT_TYPE_FACE_DOWN",
      "movement_range_x": 1,
      "movement_range_y": 1,
      "trainer_type": "TRAINER_TYPE_NORMAL",
      "trainer_sight_or_berry_tree_id": "2",
      "script": "OneIsland_KindleRoad_EventScript_Abigail",
      "flag": "0"
    },
    {
      "type": "object",
      "graphics_id": "OBJ_EVENT_GFX_SWIMMER_M_WATER",
      "x": 7,
      "y": 39,
      "elevation": 1,
      "movement_type": "MOVEMENT_TYPE_WALK_SEQUENCE_RIGHT_DOWN_LEFT_UP",
      "movement_range_x": 6,
      "movement_range_y": 3,
      "trainer_type": "TRAINER_TYPE_NORMAL",
      "trainer_sight_or_berry_tree_id": "1",
      "script": "OneIsland_KindleRoad_EventScript_Finn",
      "flag": "0"
    },
    {
      "type": "object",
      "graphics_id": "OBJ_EVENT_GFX_SWIMMER_M_LAND",
      "x": 19,
      "y": 79,
      "elevation": 3,
      "movement_type": "MOVEMENT_TYPE_FACE_DOWN",
      "movement_range_x": 1,
      "movement_range_y": 1,
      "trainer_type": "TRAINER_TYPE_NORMAL",
      "trainer_sight_or_berry_tree_id": "1",
      "script": "OneIsland_KindleRoad_EventScript_Garrett",
      "flag": "0"
    },
    {
      "type": "object",
      "graphics_id": "OBJ_EVENT_GFX_FISHER",
      "x": 15,
      "y": 25,
      "elevation": 3,
      "movement_type": "MOVEMENT_TYPE_FACE_LEFT",
      "movement_range_x": 1,
      "movement_range_y": 1,
      "trainer_type": "TRAINER_TYPE_NORMAL",
      "trainer_sight_or_berry_tree_id": "0",
      "script": "OneIsland_KindleRoad_EventScript_Tommy",
      "flag": "0"
    },
    {
      "type": "object",
      "graphics_id": "OBJ_EVENT_GFX_BATTLE_GIRL",
      "x": 9,
      "y": 53,
      "elevation": 3,
      "movement_type": "MOVEMENT_TYPE_WALK_DOWN_AND_UP",
      "movement_range_x": 1,
      "movement_range_y": 7,
      "trainer_type": "TRAINER_TYPE_NORMAL",
      "trainer_sight_or_berry_tree_id": "1",
      "script": "OneIsland_KindleRoad_EventScript_Sharon",
      "flag": "0"
    },
    {
      "type": "object",
      "graphics_id": "OBJ_EVENT_GFX_BATTLE_GIRL",
      "x": 18,
      "y": 105,
      "elevation": 4,
      "movement_type": "MOVEMENT_TYPE_WALK_SEQUENCE_DOWN_LEFT_UP_RIGHT",
      "movement_range_x": 1,
      "movement_range_y": 4,
      "trainer_type": "TRAINER_TYPE_NORMAL",
      "trainer_sight_or_berry_tree_id": "1",
      "script": "OneIsland_KindleRoad_EventScript_Tanya",
      "flag": "0"
    },
    {
      "type": "object",
      "graphics_id": "OBJ_EVENT_GFX_BLACKBELT",
      "x": 16,
      "y": 64,
      "elevation": 3,
      "movement_type": "MOVEMENT_TYPE_WALK_LEFT_AND_RIGHT",
      "movement_range_x": 2,
      "movement_range_y": 1,
      "trainer_type": "TRAINER_TYPE_NORMAL",
      "trainer_sight_or_berry_tree_id": "1",
      "script": "OneIsland_KindleRoad_EventScript_Shea",
      "flag": "0"
    },
    {
      "type": "object",
      "graphics_id": "OBJ_EVENT_GFX_BLACKBELT",
      "x": 11,
      "y": 64,
      "elevation": 3,
      "movement_type": "MOVEMENT_TYPE_WALK_RIGHT_AND_LEFT",
      "movement_range_x": 2,
      "movement_range_y": 1,
      "trainer_type": "TRAINER_TYPE_NORMAL",
      "trainer_sight_or_berry_tree_id": "1",
      "script": "OneIsland_KindleRoad_EventScript_Hugh",
      "flag": "0"
    },
    {
      "type": "object",
      "graphics_id": "OBJ_EVENT_GFX_CAMPER",
      "x": 11,
      "y": 89,
      "elevation": 3,
      "movement_type": "MOVEMENT_TYPE_FACE_LEFT_AND_RIGHT",
      "movement_range_x": 1,
      "movement_range_y": 1,
      "trainer_type": "TRAINER_TYPE_NORMAL",
      "trainer_sight_or_berry_tree_id": "3",
      "script": "OneIsland_KindleRoad_EventScript_Bryce",
      "flag": "0"
    },
    {
      "type": "object",
      "graphics_id": "OBJ_EVENT_GFX_PICNICKER",
      "x": 9,
      "y": 108,
      "elevation": 3,
      "movement_type": "MOVEMENT_TYPE_LOOK_AROUND",
      "movement_range_x": 1,
      "movement_range_y": 1,
      "trainer_type": "TRAINER_TYPE_NORMAL",
      "trainer_sight_or_berry_tree_id": "1",
      "script": "OneIsland_KindleRoad_EventScript_Claire",
      "flag": "0"
    },
    {
      "type": "object",
      "graphics_id": "OBJ_EVENT_GFX_BLACKBELT",
      "x": 8,
      "y": 68,
      "elevation": 3,
      "movement_type": "MOVEMENT_TYPE_FACE_DOWN",
      "movement_range_x": 1,
      "movement_range_y": 1,
      "trainer_type": "TRAINER_TYPE_NORMAL",
      "trainer_sight_or_berry_tree_id": "1",
      "script": "OneIsland_KindleRoad_EventScript_Mik",
      "flag": "0"
    },
    {
      "type": "object",
      "graphics_id": "OBJ_EVENT_GFX_BATTLE_GIRL",
      "x": 9,
      "y": 68,
      "elevation": 3,
      "movement_type": "MOVEMENT_TYPE_FACE_DOWN",
      "movement_range_x": 1,
      "movement_range_y": 1,
      "trainer_type": "TRAINER_TYPE_NORMAL",
      "trainer_sight_or_berry_tree_id": "1",
      "script": "OneIsland_KindleRoad_EventScript_Kia",
      "flag": "0"
    },
    {
      "type": "object",
      "graphics_id": "OBJ_EVENT_GFX_ROCK_SMASH_ROCK",
      "x": 8,
      "y": 104,
      "elevation": 3,
      "movement_type": "MOVEMENT_TYPE_LOOK_AROUND",
      "movement_range_x": 1,
      "movement_range_y": 1,
      "trainer_type": "TRAINER_TYPE_NONE",
      "trainer_sight_or_berry_tree_id": "0",
      "script": "EventScript_RockSmash",
      "flag": "FLAG_TEMP_13"
    },
    {
      "type": "object",
      "graphics_id": "OBJ_EVENT_GFX_ROCK_SMASH_ROCK",
      "x": 11,
      "y": 95,
      "elevation": 3,
      "movement_type": "MOVEMENT_TYPE_LOOK_AROUND",
      "movement_range_x": 1,
      "movement_range_y": 1,
      "trainer_type": "TRAINER_TYPE_NONE",
      "trainer_sight_or_berry_tree_id": "0",
      "script": "EventScript_RockSmash",
      "flag": "FLAG_TEMP_15"
    },
    {
      "type": "object",
      "graphics_id": "OBJ_EVENT_GFX_ROCK_SMASH_ROCK",
      "x": 12,
      "y": 96,
      "elevation": 3,
      "movement_type": "MOVEMENT_TYPE_LOOK_AROUND",
      "movement_range_x": 1,
      "movement_range_y": 1,
      "trainer_type": "TRAINER_TYPE_NONE",
      "trainer_sight_or_berry_tree_id": "0",
      "script": "EventScript_RockSmash",
      "flag": "FLAG_TEMP_16"
    },
    {
      "type": "object",
      "graphics_id": "OBJ_EVENT_GFX_ROCK_SMASH_ROCK",
      "x": 10,
      "y": 95,
      "elevation": 3,
      "movement_type": "MOVEMENT_TYPE_LOOK_AROUND",
      "movement_range_x": 1,
      "movement_range_y": 1,
      "trainer_type": "TRAINER_TYPE_NONE",
      "trainer_sight_or_berry_tree_id": "0",
      "script": "EventScript_RockSmash",
      "flag": "FLAG_TEMP_17"
    },
    {
      "type": "object",
      "graphics_id": "OBJ_EVENT_GFX_ROCK_SMASH_ROCK",
      "x": 9,
      "y": 105,
      "elevation": 3,
      "movement_type": "MOVEMENT_TYPE_LOOK_AROUND",
      "movement_range_x": 1,
      "movement_range_y": 1,
      "trainer_type": "TRAINER_TYPE_NONE",
      "trainer_sight_or_berry_tree_id": "0",
      "script": "EventScript_RockSmash",
      "flag": "FLAG_TEMP_18"
    },
    {
      "type": "object",
      "graphics_id": "OBJ_EVENT_GFX_ROCK_SMASH_ROCK",
      "x": 15,
      "y": 75,
      "elevation": 3,
      "movement_type": "MOVEMENT_TYPE_LOOK_AROUND",
      "movement_range_x": 1,
      "movement_range_y": 1,
      "trainer_type": "TRAINER_TYPE_NONE",
      "trainer_sight_or_berry_tree_id": "0",
      "script": "EventScript_RockSmash",
      "flag": "FLAG_TEMP_19"
    },
    {
      "type": "object",
      "graphics_id": "OBJ_EVENT_GFX_ROCK_SMASH_ROCK",
      "x": 9,
      "y": 84,
      "elevation": 3,
      "movement_type": "MOVEMENT_TYPE_LOOK_AROUND",
      "movement_range_x": 1,
      "movement_range_y": 1,
      "trainer_type": "TRAINER_TYPE_NONE",
      "trainer_sight_or_berry_tree_id": "0",
      "script": "EventScript_RockSmash",
      "flag": "FLAG_TEMP_1A"
    },
    {
      "type": "object",
      "graphics_id": "OBJ_EVENT_GFX_ROCK_SMASH_ROCK",
      "x": 15,
      "y": 74,
      "elevation": 3,
      "movement_type": "MOVEMENT_TYPE_LOOK_AROUND",
      "movement_range_x": 1,
      "movement_range_y": 1,
      "trainer_type": "TRAINER_TYPE_NONE",
      "trainer_sight_or_berry_tree_id": "0",
      "script": "EventScript_RockSmash",
      "flag": "FLAG_TEMP_1B"
    },
    {
      "type": "object",
      "graphics_id": "OBJ_EVENT_GFX_ROCK_SMASH_ROCK",
      "x": 15,
      "y": 73,
      "elevation": 3,
      "movement_type": "MOVEMENT_TYPE_LOOK_AROUND",
      "movement_range_x": 1,
      "movement_range_y": 1,
      "trainer_type": "TRAINER_TYPE_NONE",
      "trainer_sight_or_berry_tree_id": "0",
      "script": "EventScript_RockSmash",
      "flag": "FLAG_TEMP_1C"
    },
    {
      "type": "object",
      "graphics_id": "OBJ_EVENT_GFX_ROCK_SMASH_ROCK",
      "x": 18,
      "y": 111,
      "elevation": 4,
      "movement_type": "MOVEMENT_TYPE_LOOK_AROUND",
      "movement_range_x": 1,
      "movement_range_y": 1,
      "trainer_type": "TRAINER_TYPE_NONE",
      "trainer_sight_or_berry_tree_id": "0",
      "script": "EventScript_RockSmash",
      "flag": "FLAG_TEMP_1D"
    },
    {
      "type": "object",
      "graphics_id": "OBJ_EVENT_GFX_ROCK_SMASH_ROCK",
      "x": 10,
      "y": 86,
      "elevation": 3,
      "movement_type": "MOVEMENT_TYPE_LOOK_AROUND",
      "movement_range_x": 1,
      "movement_range_y": 1,
      "trainer_type": "TRAINER_TYPE_NONE",
      "trainer_sight_or_berry_tree_id": "0",
      "script": "EventScript_RockSmash",
      "flag": "FLAG_TEMP_1E"
    },
    {
      "type": "object",
      "graphics_id": "OBJ_EVENT_GFX_ROCK_SMASH_ROCK",
      "x": 9,
      "y": 110,
      "elevation": 3,
      "movement_type": "MOVEMENT_TYPE_LOOK_AROUND",
      "movement_range_x": 1,
      "movement_range_y": 1,
      "trainer_type": "TRAINER_TYPE_NONE",
      "trainer_sight_or_berry_tree_id": "0",
      "script": "EventScript_RockSmash",
      "flag": "FLAG_TEMP_1F"
    },
    {
      "type": "object",
      "graphics_id": "OBJ_EVENT_GFX_ROCK_SMASH_ROCK",
      "x": 18,
      "y": 112,
      "elevation": 4,
      "movement_type": "MOVEMENT_TYPE_LOOK_AROUND",
      "movement_range_x": 1,
      "movement_range_y": 1,
      "trainer_type": "TRAINER_TYPE_NONE",
      "trainer_sight_or_berry_tree_id": "0",
      "script": "EventScript_RockSmash",
      "flag": "FLAG_TEMP_11"
    },
    {
      "type": "object",
      "graphics_id": "OBJ_EVENT_GFX_ITEM_BALL",
      "x": 15,
      "y": 70,
      "elevation": 3,
      "movement_type": "MOVEMENT_TYPE_FACE_DOWN",
      "movement_range_x": 1,
      "movement_range_y": 1,
      "trainer_type": "TRAINER_TYPE_NONE",
      "trainer_sight_or_berry_tree_id": "0",
      "script": "OneIsland_KindleRoad_EventScript_ItemEther",
      "flag": "FLAG_HIDE_ONE_ISLAND_KINDLE_ROAD_ETHER"
    },
    {
      "type": "object",
      "graphics_id": "OBJ_EVENT_GFX_ITEM_BALL",
      "x": 17,
      "y": 103,
      "elevation": 3,
      "movement_type": "MOVEMENT_TYPE_FACE_DOWN",
      "movement_range_x": 1,
      "movement_range_y": 1,
      "trainer_type": "TRAINER_TYPE_NONE",
      "trainer_sight_or_berry_tree_id": "0",
      "script": "OneIsland_KindleRoad_EventScript_ItemMaxRepel",
      "flag": "FLAG_HIDE_ONE_ISLAND_KINDLE_ROAD_MAX_REPEL"
    },
    {
      "type": "object",
      "graphics_id": "OBJ_EVENT_GFX_ITEM_BALL",
      "x": 18,
      "y": 114,
      "elevation": 4,
      "movement_type": "MOVEMENT_TYPE_FACE_DOWN",
      "movement_range_x": 1,
      "movement_range_y": 1,
      "trainer_type": "TRAINER_TYPE_NONE",
      "trainer_sight_or_berry_tree_id": "0",
      "script": "OneIsland_KindleRoad_EventScript_ItemCarbos",
      "flag": "FLAG_HIDE_ONE_ISLAND_KINDLE_ROAD_CARBOS"
    }
  ],
  "warp_events": [
    {
      "x": 11,
      "y": 6,
      "elevation": 3,
      "dest_map": "MAP_MT_EMBER_EXTERIOR",
      "dest_warp_id": "0"
    },
    {
      "x": 12,
      "y": 6,
      "elevation": 3,
      "dest_map": "MAP_MT_EMBER_EXTERIOR",
      "dest_warp_id": "1"
    },
    {
      "x": 15,
      "y": 58,
      "elevation": 3,
      "dest_map": "MAP_ONE_ISLAND_KINDLE_ROAD_EMBER_SPA",
      "dest_warp_id": "0"
    }
  ],
  "coord_events": [],
  "bg_events": [
    {
      "type": "sign",
      "x": 13,
      "y": 59,
      "elevation": 0,
      "player_facing_dir": "BG_EVENT_PLAYER_FACING_ANY",
      "script": "OneIsland_KindleRoad_EventScript_EmberSpaSign"
    },
    {
      "type": "sign",
      "x": 8,
      "y": 115,
      "elevation": 0,
      "player_facing_dir": "BG_EVENT_PLAYER_FACING_ANY",
      "script": "OneIsland_KindleRoad_EventScript_RouteSign"
    }
  ]
}
