{
  "id": "MAP_ROUTE19",
  "name": "Route19",
  "layout": "LAYOUT_ROUTE19",
  "music": "MUS_ROUTE3",
  "region_map_section": "MAPSEC_ROUTE_19",
  "requires_flash": false,
  "weather": "WEATHER_SUNNY",
  "map_type": "MAP_TYPE_ROUTE",
  "allow_cycling": true,
  "allow_escaping": false,
  "allow_running": true,
  "show_map_name": true,
  "floor_number": 0,
  "battle_scene": "MAP_BATTLE_SCENE_NORMAL",
  "connections": [
    {
      "map": "MAP_FUCHSIA_CITY",
      "offset": -12,
      "direction": "up"
    },
    {
      "map": "MAP_ROUTE20",
      "offset": 40,
      "direction": "left"
    }
  ],
  "object_events": [
    {
      "type": "object",
      "graphics_id": "OBJ_EVENT_GFX_SWIMMER_M_LAND",
      "x": 15,
      "y": 10,
      "elevation": 3,
      "movement_type": "MOVEMENT_TYPE_FACE_LEFT",
      "movement_range_x": 6,
      "movement_range_y": 3,
      "trainer_type": "TRAINER_TYPE_NORMAL",
      "trainer_sight_or_berry_tree_id": "3",
      "script": "Route19_EventScript_Reece",
      "flag": "0"
    },
    {
      "type": "object",
      "graphics_id": "OBJ_EVENT_GFX_SWIMMER_M_LAND",
      "x": 10,
      "y": 9,
      "elevation": 3,
      "movement_type": "MOVEMENT_TYPE_FACE_RIGHT",
      "movement_range_x": 1,
      "movement_range_y": 1,
      "trainer_type": "TRAINER_TYPE_NORMAL",
      "trainer_sight_or_berry_tree_id": "3",
      "script": "Route19_EventScript_Richard",
      "flag": "0"
    },
    {
      "type": "object",
      "graphics_id": "OBJ_EVENT_GFX_SWIMMER_M_WATER",
      "x": 12,
      "y": 17,
      "elevation": 1,
      "movement_type": "MOVEMENT_TYPE_LOOK_AROUND",
      "movement_range_x": 1,
      "movement_range_y": 1,
      "trainer_type": "TRAINER_TYPE_NORMAL",
      "trainer_sight_or_berry_tree_id": "3",
      "script": "Route19_EventScript_Tony",
      "flag": "0"
    },
    {
      "type": "object",
      "graphics_id": "OBJ_EVENT_GFX_SWIMMER_M_WATER",
      "x": 18,
      "y": 33,
      "elevation": 1,
      "movement_type": "MOVEMENT_TYPE_WALK_SEQUENCE_LEFT_UP_RIGHT_DOWN",
      "movement_range_x": 5,
      "movement_range_y": 3,
      "trainer_type": "TRAINER_TYPE_NORMAL",
      "trainer_sight_or_berry_tree_id": "1",
      "script": "Route19_EventScript_Matthew",
      "flag": "0"
    },
    {
      "type": "object",
      "graphics_id": "OBJ_EVENT_GFX_SWIMMER_M_WATER",
      "x": 8,
      "y": 27,
      "elevation": 1,
      "movement_type": "MOVEMENT_TYPE_WANDER_AROUND",
      "movement_range_x": 2,
      "movement_range_y": 2,
      "trainer_type": "TRAINER_TYPE_NORMAL",
      "trainer_sight_or_berry_tree_id": "1",
      "script": "Route19_EventScript_Douglas",
      "flag": "0"
    },
    {
      "type": "object",
      "graphics_id": "OBJ_EVENT_GFX_SWIMMER_M_WATER",
      "x": 16,
      "y": 22,
      "elevation": 1,
      "movement_type": "MOVEMENT_TYPE_FACE_LEFT_AND_RIGHT",
      "movement_range_x": 1,
      "movement_range_y": 1,
      "trainer_type": "TRAINER_TYPE_NORMAL",
      "trainer_sight_or_berry_tree_id": "6",
      "script": "Route19_EventScript_David",
      "flag": "0"
    },
    {
      "type": "object",
      "graphics_id": "OBJ_EVENT_GFX_SWIMMER_M_WATER",
      "x": 11,
      "y": 47,
      "elevation": 1,
      "movement_type": "MOVEMENT_TYPE_LOOK_AROUND",
      "movement_range_x": 1,
      "movement_range_y": 1,
      "trainer_type": "TRAINER_TYPE_NORMAL",
      "trainer_sight_or_berry_tree_id": "1",
      "script": "Route19_EventScript_Axle",
      "flag": "0"
    },
    {
      "type": "object",
      "graphics_id": "OBJ_EVENT_GFX_SWIMMER_F_WATER",
      "x": 14,
      "y": 48,
      "elevation": 1,
      "movement_type": "MOVEMENT_TYPE_LOOK_AROUND",
      "movement_range_x": 1,
      "movement_range_y": 1,
      "trainer_type": "TRAINER_TYPE_NORMAL",
      "trainer_sight_or_berry_tree_id": "1",
      "script": "Route19_EventScript_Alice",
      "flag": "0"
    },
    {
      "type": "object",
      "graphics_id": "OBJ_EVENT_GFX_SWIMMER_F_WATER",
      "x": 12,
      "y": 49,
      "elevation": 1,
      "movement_type": "MOVEMENT_TYPE_LOOK_AROUND",
      "movement_range_x": 1,
      "movement_range_y": 1,
      "trainer_type": "TRAINER_TYPE_NORMAL",
      "trainer_sight_or_berry_tree_id": "1",
      "script": "Route19_EventScript_Connie",
      "flag": "0"
    },
    {
      "type": "object",
      "graphics_id": "OBJ_EVENT_GFX_SWIMMER_F_WATER",
      "x": 9,
      "y": 48,
      "elevation": 1,
      "movement_type": "MOVEMENT_TYPE_LOOK_AROUND",
      "movement_range_x": 1,
      "movement_range_y": 1,
      "trainer_type": "TRAINER_TYPE_NORMAL",
      "trainer_sight_or_berry_tree_id": "1",
      "script": "Route19_EventScript_Anya",
      "flag": "0"
    },
    {
      "type": "object",
      "graphics_id": "OBJ_EVENT_GFX_SWIMMER_F_WATER",
      "x": 8,
      "y": 41,
      "elevation": 1,
      "movement_type": "MOVEMENT_TYPE_FACE_DOWN",
      "movement_range_x": 1,
      "movement_range_y": 1,
      "trainer_type": "TRAINER_TYPE_NORMAL",
      "trainer_sight_or_berry_tree_id": "1",
      "script": "Route19_EventScript_Lia",
      "flag": "0"
    },
    {
      "type": "object",
      "graphics_id": "OBJ_EVENT_GFX_TUBER_M_WATER",
      "x": 9,
      "y": 41,
      "elevation": 1,
      "movement_type": "MOVEMENT_TYPE_FACE_DOWN",
      "movement_range_x": 1,
      "movement_range_y": 1,
      "trainer_type": "TRAINER_TYPE_NORMAL",
      "trainer_sight_or_berry_tree_id": "1",
      "script": "Route19_EventScript_Luc",
      "flag": "0"
    }
  ],
  "warp_events": [],
  "coord_events": [],
  "bg_events": [
    {
      "type": "sign",
      "x": 13,
      "y": 12,
      "elevation": 0,
      "player_facing_dir": "BG_EVENT_PLAYER_FACING_ANY",
      "script": "Route19_EventScript_RouteSign"
    }
  ]
}
