{
  "id": "MAP_POKEMON_TOWER_7F",
  "name": "PokemonTower_7F",
  "layout": "LAYOUT_POKEMON_TOWER_7F",
  "music": "MUS_POKE_TOWER",
  "region_map_section": "MAPSEC_POKEMON_TOWER",
  "requires_flash": false,
  "weather": "WEATHER_FOG_HORIZONTAL",
  "map_type": "MAP_TYPE_INDOOR",
  "allow_cycling": false,
  "allow_escaping": true,
  "allow_running": false,
  "show_map_name": true,
  "floor_number": 0,
  "battle_scene": "MAP_BATTLE_SCENE_INDOOR_1",
  "connections": null,
  "object_events": [
    {
      "type": "object",
      "graphics_id": "OBJ_EVENT_GFX_MR_FUJI",
      "x": 11,
      "y": 4,
      "elevation": 3,
      "movement_type": "MOVEMENT_TYPE_FACE_DOWN",
      "movement_range_x": 1,
      "movement_range_y": 1,
      "trainer_type": "TRAINER_TYPE_NONE",
      "trainer_sight_or_berry_tree_id": "0",
      "script": "PokemonTower_7F_EventScript_MrFuji",
      "flag": "FLAG_HIDE_TOWER_FUJI"
    },
    {
      "type": "object",
      "graphics_id": "OBJ_EVENT_GFX_ROCKET_M",
      "x": 9,
      "y": 10,
      "elevation": 3,
      "movement_type": "MOVEMENT_TYPE_FACE_RIGHT",
      "movement_range_x": 1,
      "movement_range_y": 1,
      "trainer_type": "TRAINER_TYPE_NORMAL",
      "trainer_sight_or_berry_tree_id": "4",
      "script": "PokemonTower_7F_EventScript_Grunt1",
      "flag": "FLAG_HIDE_TOWER_ROCKET_1"
    },
    {
      "type": "object",
      "graphics_id": "OBJ_EVENT_GFX_ROCKET_M",
      "x": 13,
      "y": 8,
      "elevation": 3,
      "movement_type": "MOVEMENT_TYPE_FACE_LEFT",
      "movement_range_x": 1,
      "movement_range_y": 1,
      "trainer_type": "TRAINER_TYPE_NORMAL",
      "trainer_sight_or_berry_tree_id": "4",
      "script": "PokemonTower_7F_EventScript_Grunt2",
      "flag": "FLAG_HIDE_TOWER_ROCKET_2"
    },
    {
      "type": "object",
      "graphics_id": "OBJ_EVENT_GFX_ROCKET_M",
      "x": 9,
      "y": 6,
      "elevation": 3,
      "movement_type": "MOVEMENT_TYPE_FACE_RIGHT",
      "movement_range_x": 1,
      "movement_range_y": 1,
      "trainer_type": "TRAINER_TYPE_NORMAL",
      "trainer_sight_or_berry_tree_id": "4",
      "script": "PokemonTower_7F_EventScript_Grunt3",
      "flag": "FLAG_HIDE_TOWER_ROCKET_3"
    }
  ],
  "warp_events": [
    {
      "x": 11,
      "y": 16,
      "elevation": 3,
      "dest_map": "MAP_POKEMON_TOWER_6F",
      "dest_warp_id": "0"
    }
  ],
  "coord_events": [],
  "bg_events": [
    {
      "type": "hidden_item",
      "x": 11,
      "y": 4,
      "elevation": 3,
      "item": "ITEM_SOOTHE_BELL",
      "flag": "FLAG_HIDDEN_ITEM_POKEMON_TOWER_7F_SOOTHE_BELL",
      "quantity": 1,
      "underfoot": true
    }
  ]
}
