{
  "id": "MAP_FOUR_ISLAND_LORELEIS_HOUSE",
  "name": "FourIsland_LoreleisHouse",
  "layout": "LAYOUT_FOUR_ISLAND_LORELEIS_HOUSE",
  "music": "MUS_SEVII_45",
  "region_map_section": "MAPSEC_FOUR_ISLAND",
  "requires_flash": false,
  "weather": "WEATHER_NONE",
  "map_type": "MAP_TYPE_INDOOR",
  "allow_cycling": false,
  "allow_escaping": false,
  "allow_running": false,
  "show_map_name": false,
  "floor_number": 0,
  "battle_scene": "MAP_BATTLE_SCENE_NORMAL",
  "connections": null,
  "object_events": [
    {
      "type": "object",
      "graphics_id": "OBJ_EVENT_GFX_LORELEI",
      "x": 7,
      "y": 4,
      "elevation": 3,
      "movement_type": "MOVEMENT_TYPE_FACE_LEFT",
      "movement_range_x": 1,
      "movement_range_y": 1,
      "trainer_type": "TRAINER_TYPE_NONE",
      "trainer_sight_or_berry_tree_id": "0",
      "script": "FourIsland_LoreleisHouse_EventScript_Lorelei",
      "flag": "FLAG_HIDE_LORELEI_IN_HER_HOUSE"
    },
    {
      "type": "object",
      "graphics_id": "OBJ_EVENT_GFX_WIGGLYTUFF",
      "x": 0,
      "y": 2,
      "elevation": 3,
      "movement_type": "MOVEMENT_TYPE_FACE_DOWN",
      "movement_range_x": 1,
      "movement_range_y": 1,
      "trainer_type": "TRAINER_TYPE_NONE",
      "trainer_sight_or_berry_tree_id": "0",
      "script": "FourIsland_LoreleisHouse_EventScript_Doll",
      "flag": "0"
    },
    {
      "type": "object",
      "graphics_id": "OBJ_EVENT_GFX_SEEL",
      "x": 10,
      "y": 3,
      "elevation": 0,
      "movement_type": "MOVEMENT_TYPE_FACE_DOWN",
      "movement_range_x": 1,
      "movement_range_y": 1,
      "trainer_type": "TRAINER_TYPE_NONE",
      "trainer_sight_or_berry_tree_id": "0",
      "script": "FourIsland_LoreleisHouse_EventScript_Doll",
      "flag": "0"
    },
    {
      "type": "object",
      "graphics_id": "OBJ_EVENT_GFX_PIKACHU",
      "x": 9,
      "y": 3,
      "elevation": 0,
      "movement_type": "MOVEMENT_TYPE_FACE_DOWN",
      "movement_range_x": 1,
      "movement_range_y": 1,
      "trainer_type": "TRAINER_TYPE_NONE",
      "trainer_sight_or_berry_tree_id": "0",
      "script": "FourIsland_LoreleisHouse_EventScript_Doll",
      "flag": "0"
    },
    {
      "type": "object",
      "graphics_id": "OBJ_EVENT_GFX_SLOWPOKE",
      "x": 7,
      "y": 2,
      "elevation": 3,
      "movement_type": "MOVEMENT_TYPE_FACE_DOWN",
      "movement_range_x": 1,
      "movement_range_y": 1,
      "trainer_type": "TRAINER_TYPE_NONE",
      "trainer_sight_or_berry_tree_id": "0",
      "script": "FourIsland_LoreleisHouse_EventScript_Doll",
      "flag": "0"
    },
    {
      "type": "object",
      "graphics_id": "OBJ_EVENT_GFX_SLOWBRO",
      "x": 6,
      "y": 2,
      "elevation": 3,
      "movement_type": "MOVEMENT_TYPE_FACE_DOWN",
      "movement_range_x": 1,
      "movement_range_y": 1,
      "trainer_type": "TRAINER_TYPE_NONE",
      "trainer_sight_or_berry_tree_id": "0",
      "script": "FourIsland_LoreleisHouse_EventScript_Doll",
      "flag": "0"
    },
    {
      "type": "object",
      "graphics_id": "OBJ_EVENT_GFX_PSYDUCK",
      "x": 6,
      "y": 4,
      "elevation": 0,
      "movement_type": "MOVEMENT_TYPE_FACE_DOWN",
      "movement_range_x": 1,
      "movement_range_y": 1,
      "trainer_type": "TRAINER_TYPE_NONE",
      "trainer_sight_or_berry_tree_id": "0",
      "script": "FourIsland_LoreleisHouse_EventScript_Doll",
      "flag": "0"
    },
    {
      "type": "object",
      "graphics_id": "OBJ_EVENT_GFX_MEOWTH",
      "x": 9,
      "y": 4,
      "elevation": 0,
      "movement_type": "MOVEMENT_TYPE_FACE_DOWN",
      "movement_range_x": 1,
      "movement_range_y": 1,
      "trainer_type": "TRAINER_TYPE_NONE",
      "trainer_sight_or_berry_tree_id": "0",
      "script": "FourIsland_LoreleisHouse_EventScript_Doll",
      "flag": "FLAG_HIDE_LORELEI_HOUSE_MEOWTH_DOLL"
    },
    {
      "type": "object",
      "graphics_id": "OBJ_EVENT_GFX_CHANSEY",
      "x": 10,
      "y": 4,
      "elevation": 0,
      "movement_type": "MOVEMENT_TYPE_FACE_DOWN",
      "movement_range_x": 1,
      "movement_range_y": 1,
      "trainer_type": "TRAINER_TYPE_NONE",
      "trainer_sight_or_berry_tree_id": "0",
      "script": "FourIsland_LoreleisHouse_EventScript_Doll",
      "flag": "FLAG_HIDE_LORELEI_HOUSE_CHANSEY_DOLL"
    },
    {
      "type": "object",
      "graphics_id": "OBJ_EVENT_GFX_JIGGLYPUFF",
      "x": 0,
      "y": 3,
      "elevation": 3,
      "movement_type": "MOVEMENT_TYPE_FACE_DOWN",
      "movement_range_x": 1,
      "movement_range_y": 1,
      "trainer_type": "TRAINER_TYPE_NONE",
      "trainer_sight_or_berry_tree_id": "0",
      "script": "FourIsland_LoreleisHouse_EventScript_Doll",
      "flag": "FLAG_HIDE_LORELEI_HOUSE_JIGGLYPUFF_DOLL"
    },
    {
      "type": "object",
      "graphics_id": "OBJ_EVENT_GFX_NIDORAN_F",
      "x": 0,
      "y": 5,
      "elevation": 3,
      "movement_type": "MOVEMENT_TYPE_FACE_DOWN",
      "movement_range_x": 1,
      "movement_range_y": 1,
      "trainer_type": "TRAINER_TYPE_NONE",
      "trainer_sight_or_berry_tree_id": "0",
      "script": "FourIsland_LoreleisHouse_EventScript_Doll",
      "flag": "FLAG_HIDE_LORELEIS_HOUSE_NIDORAN_F_DOLL"
    },
    {
      "type": "object",
      "graphics_id": "OBJ_EVENT_GFX_NIDORAN_M",
      "x": 1,
      "y": 5,
      "elevation": 3,
      "movement_type": "MOVEMENT_TYPE_FACE_DOWN",
      "movement_range_x": 1,
      "movement_range_y": 1,
      "trainer_type": "TRAINER_TYPE_NONE",
      "trainer_sight_or_berry_tree_id": "0",
      "script": "FourIsland_LoreleisHouse_EventScript_Doll",
      "flag": "FLAG_HIDE_LORELEIS_HOUSE_NIDORAN_M_DOLL"
    },
    {
      "type": "object",
      "graphics_id": "OBJ_EVENT_GFX_PIDGEOT",
      "x": 9,
      "y": 0,
      "elevation": 3,
      "movement_type": "MOVEMENT_TYPE_FACE_DOWN",
      "movement_range_x": 1,
      "movement_range_y": 1,
      "trainer_type": "TRAINER_TYPE_NONE",
      "trainer_sight_or_berry_tree_id": "0",
      "script": "FourIsland_LoreleisHouse_EventScript_Doll",
      "flag": "FLAG_HIDE_LORELEIS_HOUSE_PIDGEOT_DOLL"
    },
    {
      "type": "object",
      "graphics_id": "OBJ_EVENT_GFX_FEAROW",
      "x": 10,
      "y": 0,
      "elevation": 3,
      "movement_type": "MOVEMENT_TYPE_FACE_DOWN",
      "movement_range_x": 1,
      "movement_range_y": 1,
      "trainer_type": "TRAINER_TYPE_NONE",
      "trainer_sight_or_berry_tree_id": "0",
      "script": "FourIsland_LoreleisHouse_EventScript_Doll",
      "flag": "FLAG_HIDE_LORELEIS_HOUSE_FEAROW_DOLL"
    },
    {
      "type": "object",
      "graphics_id": "OBJ_EVENT_GFX_LAPRAS_DOLL",
      "x": 9,
      "y": 6,
      "elevation": 3,
      "movement_type": "MOVEMENT_TYPE_FACE_DOWN",
      "movement_range_x": 1,
      "movement_range_y": 1,
      "trainer_type": "TRAINER_TYPE_NONE",
      "trainer_sight_or_berry_tree_id": "0",
      "script": "FourIsland_LoreleisHouse_EventScript_Doll",
      "flag": "FLAG_HIDE_LORELEIS_HOUSE_LAPRAS_DOLL"
    }
  ],
  "warp_events": [
    {
      "x": 4,
      "y": 7,
      "elevation": 3,
      "dest_map": "MAP_FOUR_ISLAND",
      "dest_warp_id": "4"
    }
  ],
  "coord_events": [],
  "bg_events": []
}
