{
  "id": "MAP_SAFFRON_CITY_HOUSE",
  "name": "SaffronCity_House",
  "layout": "LAYOUT_HOUSE5",
  "music": "MUS_PEWTER",
  "region_map_section": "MAPSEC_SAFFRON_CITY",
  "requires_flash": false,
  "weather": "WEATHER_NONE",
  "map_type": "MAP_TYPE_INDOOR",
  "allow_cycling": false,
  "allow_escaping": false,
  "allow_running": false,
  "show_map_name": false,
  "floor_number": 0,
  "battle_scene": "MAP_BATTLE_SCENE_NORMAL",
  "connections": null,
  "object_events": [
    {
      "type": "object",
      "graphics_id": "OBJ_EVENT_GFX_PIDGEY",
      "x": 0,
      "y": 5,
      "elevation": 3,
      "movement_type": "MOVEMENT_TYPE_WANDER_UP_AND_DOWN",
      "movement_range_x": 1,
      "movement_range_y": 4,
      "trainer_type": "TRAINER_TYPE_NONE",
      "trainer_sight_or_berry_tree_id": "0",
      "script": "SaffronCity_House_EventScript_Pidgey",
      "flag": "0"
    },
    {
      "type": "object",
      "graphics_id": "OBJ_EVENT_GFX_LASS",
      "x": 4,
      "y": 4,
      "elevation": 3,
      "movement_type": "MOVEMENT_TYPE_FACE_RIGHT",
      "movement_range_x": 1,
      "movement_range_y": 1,
      "trainer_type": "TRAINER_TYPE_NONE",
      "trainer_sight_or_berry_tree_id": "0",
      "script": "SaffronCity_House_EventScript_Lass",
      "flag": "0"
    },
    {
      "type": "object",
      "graphics_id": "OBJ_EVENT_GFX_YOUNGSTER",
      "x": 6,
      "y": 2,
      "elevation": 3,
      "movement_type": "MOVEMENT_TYPE_FACE_DOWN",
      "movement_range_x": 1,
      "movement_range_y": 1,
      "trainer_type": "TRAINER_TYPE_NONE",
      "trainer_sight_or_berry_tree_id": "0",
      "script": "SaffronCity_House_EventScript_Youngster",
      "flag": "0"
    },
    {
      "type": "object",
      "graphics_id": "OBJ_EVENT_GFX_CLIPBOARD",
      "x": 5,
      "y": 4,
      "elevation": 0,
      "movement_type": "MOVEMENT_TYPE_FACE_UP",
      "movement_range_x": 1,
      "movement_range_y": 1,
      "trainer_type": "TRAINER_TYPE_NONE",
      "trainer_sight_or_berry_tree_id": "0",
      "script": "0x0",
      "flag": "0"
    }
  ],
  "warp_events": [
    {
      "x": 3,
      "y": 7,
      "elevation": 3,
      "dest_map": "MAP_SAFFRON_CITY",
      "dest_warp_id": "4"
    },
    {
      "x": 4,
      "y": 7,
      "elevation": 3,
      "dest_map": "MAP_SAFFRON_CITY",
      "dest_warp_id": "4"
    },
    {
      "x": 5,
      "y": 7,
      "elevation": 3,
      "dest_map": "MAP_SAFFRON_CITY",
      "dest_warp_id": "4"
    }
  ],
  "coord_events": [],
  "bg_events": [
    {
      "type": "sign",
      "x": 5,
      "y": 4,
      "elevation": 3,
      "player_facing_dir": "BG_EVENT_PLAYER_FACING_ANY",
      "script": "SaffronCity_House_EventScript_Letter"
    }
  ]
}
