{
  "id": "MAP_THREE_ISLAND_HOUSE5",
  "name": "ThreeIsland_House5",
  "layout": "LAYOUT_HOUSE3",
  "music": "MUS_SEVII_123",
  "region_map_section": "MAPSEC_THREE_ISLAND",
  "requires_flash": false,
  "weather": "WEATHER_NONE",
  "map_type": "MAP_TYPE_INDOOR",
  "allow_cycling": false,
  "allow_escaping": false,
  "allow_running": false,
  "show_map_name": false,
  "floor_number": 0,
  "battle_scene": "MAP_BATTLE_SCENE_NORMAL",
  "connections": null,
  "object_events": [
    {
      "type": "object",
      "graphics_id": "OBJ_EVENT_GFX_LITTLE_GIRL",
      "x": 2,
      "y": 5,
      "elevation": 3,
      "movement_type": "MOVEMENT_TYPE_WANDER_AROUND",
      "movement_range_x": 1,
      "movement_range_y": 1,
      "trainer_type": "TRAINER_TYPE_NONE",
      "trainer_sight_or_berry_tree_id": "0",
      "script": "ThreeIsland_House5_EventScript_LittleGirl",
      "flag": "0"
    }
  ],
  "warp_events": [
    {
      "x": 4,
      "y": 7,
      "elevation": 3,
      "dest_map": "MAP_THREE_ISLAND",
      "dest_warp_id": "6"
    }
  ],
  "coord_events": [],
  "bg_events": []
}
