{
  "id": "MAP_ROUTE18_EAST_ENTRANCE_1F",
  "name": "Route18_EastEntrance_1F",
  "layout": "LAYOUT_ENTRANCE_1F",
  "music": "MUS_PEWTER",
  "region_map_section": "MAPSEC_ROUTE_18",
  "requires_flash": false,
  "weather": "WEATHER_NONE",
  "map_type": "MAP_TYPE_INDOOR",
  "allow_cycling": true,
  "allow_escaping": false,
  "allow_running": true,
  "show_map_name": false,
  "floor_number": 0,
  "battle_scene": "MAP_BATTLE_SCENE_NORMAL",
  "connections": null,
  "object_events": [
    {
      "type": "object",
      "graphics_id": "OBJ_EVENT_GFX_POLICEMAN",
      "x": 6,
      "y": 2,
      "elevation": 3,
      "movement_type": "MOVEMENT_TYPE_FACE_DOWN",
      "movement_range_x": 1,
      "movement_range_y": 1,
      "trainer_type": "TRAINER_TYPE_NONE",
      "trainer_sight_or_berry_tree_id": "0",
      "script": "Route18_EastEntrance_1F_EventScript_Guard",
      "flag": "0"
    }
  ],
  "warp_events": [
    {
      "x": 1,
      "y": 6,
      "elevation": 3,
      "dest_map": "MAP_ROUTE18",
      "dest_warp_id": "0"
    },
    {
      "x": 11,
      "y": 6,
      "elevation": 3,
      "dest_map": "MAP_ROUTE18",
      "dest_warp_id": "1"
    },
    {
      "x": 9,
      "y": 10,
      "elevation": 3,
      "dest_map": "MAP_ROUTE18_EAST_ENTRANCE_2F",
      "dest_warp_id": "0"
    }
  ],
  "coord_events": [
    {
      "type": "trigger",
      "x": 2,
      "y": 6,
      "elevation": 3,
      "var": "VAR_MAP_SCENE_ROUTE16",
      "var_value": "0",
      "script": "EventScript_SetEnteringCyclingRoad"
    },
    {
      "type": "trigger",
      "x": 6,
      "y": 4,
      "elevation": 3,
      "var": "VAR_TEMP_1",
      "var_value": "0",
      "script": "Route18_EastEntrance_1F_EventScript_NeedBikeTriggerTop"
    },
    {
      "type": "trigger",
      "x": 6,
      "y": 5,
      "elevation": 3,
      "var": "VAR_TEMP_1",
      "var_value": "0",
      "script": "Route18_EastEntrance_1F_EventScript_NeedBikeTriggerMidTop"
    },
    {
      "type": "trigger",
      "x": 6,
      "y": 6,
      "elevation": 3,
      "var": "VAR_TEMP_1",
      "var_value": "0",
      "script": "Route18_EastEntrance_1F_EventScript_NeedBikeTriggerMid"
    },
    {
      "type": "trigger",
      "x": 6,
      "y": 7,
      "elevation": 3,
      "var": "VAR_TEMP_1",
      "var_value": "0",
      "script": "Route18_EastEntrance_1F_EventScript_NeedBikeTriggerMidBottom"
    },
    {
      "type": "trigger",
      "x": 6,
      "y": 8,
      "elevation": 3,
      "var": "VAR_TEMP_1",
      "var_value": "0",
      "script": "Route18_EastEntrance_1F_EventScript_NeedBikeTriggerBottom"
    },
    {
      "type": "trigger",
      "x": 10,
      "y": 6,
      "elevation": 3,
      "var": "VAR_MAP_SCENE_ROUTE16",
      "var_value": "1",
      "script": "EventScript_SetExitingCyclingRoad"
    },
    {
      "type": "trigger",
      "x": 11,
      "y": 5,
      "elevation": 3,
      "var": "VAR_MAP_SCENE_ROUTE16",
      "var_value": "1",
      "script": "EventScript_SetExitingCyclingRoad"
    },
    {
      "type": "trigger",
      "x": 11,
      "y": 7,
      "elevation": 3,
      "var": "VAR_MAP_SCENE_ROUTE16",
      "var_value": "1",
      "script": "EventScript_SetExitingCyclingRoad"
    },
    {
      "type": "trigger",
      "x": 1,
      "y": 5,
      "elevation": 3,
      "var": "VAR_MAP_SCENE_ROUTE16",
      "var_value": "0",
      "script": "EventScript_SetEnteringCyclingRoad"
    },
    {
      "type": "trigger",
      "x": 1,
      "y": 7,
      "elevation": 3,
      "var": "VAR_MAP_SCENE_ROUTE16",
      "var_value": "0",
      "script": "EventScript_SetEnteringCyclingRoad"
    }
  ],
  "bg_events": []
}
