{
  "id": "MAP_UNDERGROUND_PATH_NORTH_SOUTH_TUNNEL",
  "name": "UndergroundPath_NorthSouthTunnel",
  "layout": "LAYOUT_UNDERGROUND_PATH_NORTH_SOUTH_TUNNEL",
  "music": "MUS_ROUTE1",
  "region_map_section": "MAPSEC_UNDERGROUND_PATH",
  "requires_flash": false,
  "weather": "WEATHER_NONE",
  "map_type": "MAP_TYPE_INDOOR",
  "allow_cycling": true,
  "allow_escaping": false,
  "allow_running": true,
  "show_map_name": true,
  "floor_number": 0,
  "battle_scene": "MAP_BATTLE_SCENE_NORMAL",
  "connections": null,
  "object_events": [],
  "warp_events": [
    {
      "x": 4,
      "y": 3,
      "elevation": 3,
      "dest_map": "MAP_UNDERGROUND_PATH_NORTH_ENTRANCE",
      "dest_warp_id": "3"
    },
    {
      "x": 3,
      "y": 60,
      "elevation": 3,
      "dest_map": "MAP_UNDERGROUND_PATH_SOUTH_ENTRANCE",
      "dest_warp_id": "3"
    }
  ],
  "coord_events": [],
  "bg_events": [
    {
      "type": "hidden_item",
      "x": 5,
      "y": 30,
      "elevation": 3,
      "item": "ITEM_POTION",
      "flag": "FLAG_HIDDEN_ITEM_UNDERGROUND_PATH_NORTH_SOUTH_TUNNEL_POTION",
      "quantity": 1,
      "underfoot": false
    },
    {
      "type": "hidden_item",
      "x": 5,
      "y": 6,
      "elevation": 3,
      "item": "ITEM_ANTIDOTE",
      "flag": "FLAG_HIDDEN_ITEM_UNDERGROUND_PATH_NORTH_SOUTH_TUNNEL_ANTIDOTE",
      "quantity": 1,
      "underfoot": false
    },
    {
      "type": "hidden_item",
      "x": 2,
      "y": 57,
      "elevation": 3,
      "item": "ITEM_BURN_HEAL",
      "flag": "FLAG_HIDDEN_ITEM_UNDERGROUND_PATH_NORTH_SOUTH_TUNNEL_BURN_HEAL",
      "quantity": 1,
      "underfoot": false
    },
    {
      "type": "hidden_item",
      "x": 1,
      "y": 24,
      "elevation": 3,
      "item": "ITEM_AWAKENING",
      "flag": "FLAG_HIDDEN_ITEM_UNDERGROUND_PATH_NORTH_SOUTH_TUNNEL_AWAKENING",
      "quantity": 1,
      "underfoot": false
    },
    {
      "type": "hidden_item",
      "x": 6,
      "y": 53,
      "elevation": 3,
      "item": "ITEM_ICE_HEAL",
      "flag": "FLAG_HIDDEN_ITEM_UNDERGROUND_PATH_NORTH_SOUTH_TUNNEL_ICE_HEAL",
      "quantity": 1,
      "underfoot": false
    },
    {
      "type": "hidden_item",
      "x": 3,
      "y": 15,
      "elevation": 3,
      "item": "ITEM_PARALYZE_HEAL",
      "flag": "FLAG_HIDDEN_ITEM_UNDERGROUND_PATH_NORTH_SOUTH_TUNNEL_PARALYZE_HEAL",
      "quantity": 1,
      "underfoot": false
    },
    {
      "type": "hidden_item",
      "x": 3,
      "y": 39,
      "elevation": 3,
      "item": "ITEM_ETHER",
      "flag": "FLAG_HIDDEN_ITEM_UNDERGROUND_PATH_NORTH_SOUTH_TUNNEL_ETHER",
      "quantity": 1,
      "underfoot": false
    }
  ]
}
