{
  "id": "MAP_SIX_ISLAND_POKEMON_CENTER_1F",
  "name": "SixIsland_PokemonCenter_1F",
  "layout": "LAYOUT_POKEMON_CENTER_1F",
  "music": "MUS_POKE_CENTER",
  "region_map_section": "MAPSEC_SIX_ISLAND",
  "requires_flash": false,
  "weather": "WEATHER_NONE",
  "map_type": "MAP_TYPE_INDOOR",
  "allow_cycling": false,
  "allow_escaping": false,
  "allow_running": false,
  "show_map_name": false,
  "floor_number": 0,
  "battle_scene": "MAP_BATTLE_SCENE_NORMAL",
  "connections": null,
  "object_events": [
    {
      "type": "object",
      "graphics_id": "OBJ_EVENT_GFX_NURSE",
      "x": 7,
      "y": 2,
      "elevation": 3,
      "movement_type": "MOVEMENT_TYPE_FACE_DOWN",
      "movement_range_x": 1,
      "movement_range_y": 1,
      "trainer_type": "TRAINER_TYPE_NONE",
      "trainer_sight_or_berry_tree_id": "0",
      "script": "SixIsland_PokemonCenter_1F_EventScript_Nurse",
      "flag": "0"
    },
    {
      "type": "object",
      "graphics_id": "OBJ_EVENT_GFX_BLUE",
      "x": 5,
      "y": 5,
      "elevation": 3,
      "movement_type": "MOVEMENT_TYPE_FACE_LEFT",
      "movement_range_x": 1,
      "movement_range_y": 1,
      "trainer_type": "TRAINER_TYPE_NONE",
      "trainer_sight_or_berry_tree_id": "0",
      "script": "0x0",
      "flag": "FLAG_HIDE_SIX_ISLAND_POKECENTER_RIVAL"
    },
    {
      "type": "object",
      "graphics_id": "OBJ_EVENT_GFX_HIKER",
      "x": 13,
      "y": 3,
      "elevation": 3,
      "movement_type": "MOVEMENT_TYPE_FACE_UP",
      "movement_range_x": 1,
      "movement_range_y": 1,
      "trainer_type": "TRAINER_TYPE_NONE",
      "trainer_sight_or_berry_tree_id": "0",
      "script": "SixIsland_PokemonCenter_1F_EventScript_Hiker",
      "flag": "0"
    },
    {
      "type": "object",
      "graphics_id": "OBJ_EVENT_GFX_OLD_MAN_2",
      "x": 12,
      "y": 5,
      "elevation": 3,
      "movement_type": "MOVEMENT_TYPE_FACE_DOWN",
      "movement_range_x": 1,
      "movement_range_y": 1,
      "trainer_type": "TRAINER_TYPE_NONE",
      "trainer_sight_or_berry_tree_id": "0",
      "script": "SixIsland_PokemonCenter_1F_EventScript_OldMan",
      "flag": "0"
    }
  ],
  "warp_events": [
    {
      "x": 7,
      "y": 8,
      "elevation": 3,
      "dest_map": "MAP_SIX_ISLAND",
      "dest_warp_id": "1"
    },
    {
      "x": 1,
      "y": 6,
      "elevation": 4,
      "dest_map": "MAP_SIX_ISLAND_POKEMON_CENTER_2F",
      "dest_warp_id": "0"
    }
  ],
  "coord_events": [],
  "bg_events": []
}
