{
  "id": "MAP_SIX_ISLAND_OUTCAST_ISLAND",
  "name": "SixIsland_OutcastIsland",
  "layout": "LAYOUT_SIX_ISLAND_OUTCAST_ISLAND",
  "music": "MUS_SEVII_ROUTE",
  "region_map_section": "MAPSEC_OUTCAST_ISLAND",
  "requires_flash": false,
  "weather": "WEATHER_SUNNY",
  "map_type": "MAP_TYPE_ROUTE",
  "allow_cycling": true,
  "allow_escaping": false,
  "allow_running": true,
  "show_map_name": true,
  "floor_number": 0,
  "battle_scene": "MAP_BATTLE_SCENE_NORMAL",
  "connections": [
    {
      "map": "MAP_SIX_ISLAND_GREEN_PATH",
      "offset": 0,
      "direction": "down"
    }
  ],
  "object_events": [
    {
      "type": "object",
      "graphics_id": "OBJ_EVENT_GFX_ROCKET_M",
      "x": 9,
      "y": 24,
      "elevation": 3,
      "movement_type": "MOVEMENT_TYPE_LOOK_AROUND",
      "movement_range_x": 1,
      "movement_range_y": 1,
      "trainer_type": "TRAINER_TYPE_NORMAL",
      "trainer_sight_or_berry_tree_id": "1",
      "script": "SixIsland_OutcastIsland_EventScript_Rocket",
      "flag": "FLAG_HIDE_FIVE_ISLAND_ROCKETS"
    },
    {
      "type": "object",
      "graphics_id": "OBJ_EVENT_GFX_FISHER",
      "x": 12,
      "y": 15,
      "elevation": 3,
      "movement_type": "MOVEMENT_TYPE_FACE_UP",
      "movement_range_x": 1,
      "movement_range_y": 1,
      "trainer_type": "TRAINER_TYPE_NORMAL",
      "trainer_sight_or_berry_tree_id": "1",
      "script": "SixIsland_OutcastIsland_EventScript_Tylor",
      "flag": "0"
    },
    {
      "type": "object",
      "graphics_id": "OBJ_EVENT_GFX_SWIMMER_M_WATER",
      "x": 13,
      "y": 34,
      "elevation": 1,
      "movement_type": "MOVEMENT_TYPE_LOOK_AROUND",
      "movement_range_x": 1,
      "movement_range_y": 1,
      "trainer_type": "TRAINER_TYPE_NORMAL",
      "trainer_sight_or_berry_tree_id": "1",
      "script": "SixIsland_OutcastIsland_EventScript_Mymo",
      "flag": "0"
    },
    {
      "type": "object",
      "graphics_id": "OBJ_EVENT_GFX_SWIMMER_F_WATER",
      "x": 14,
      "y": 61,
      "elevation": 1,
      "movement_type": "MOVEMENT_TYPE_WALK_SEQUENCE_DOWN_LEFT_UP_RIGHT",
      "movement_range_x": 2,
      "movement_range_y": 4,
      "trainer_type": "TRAINER_TYPE_NORMAL",
      "trainer_sight_or_berry_tree_id": "1",
      "script": "SixIsland_OutcastIsland_EventScript_Nicole",
      "flag": "0"
    },
    {
      "type": "object",
      "graphics_id": "OBJ_EVENT_GFX_SWIMMER_F_WATER",
      "x": 10,
      "y": 44,
      "elevation": 1,
      "movement_type": "MOVEMENT_TYPE_FACE_UP",
      "movement_range_x": 1,
      "movement_range_y": 1,
      "trainer_type": "TRAINER_TYPE_NORMAL",
      "trainer_sight_or_berry_tree_id": "1",
      "script": "SixIsland_OutcastIsland_EventScript_Ava",
      "flag": "0"
    },
    {
      "type": "object",
      "graphics_id": "OBJ_EVENT_GFX_TUBER_M_WATER",
      "x": 11,
      "y": 44,
      "elevation": 1,
      "movement_type": "MOVEMENT_TYPE_FACE_UP",
      "movement_range_x": 1,
      "movement_range_y": 1,
      "trainer_type": "TRAINER_TYPE_NORMAL",
      "trainer_sight_or_berry_tree_id": "1",
      "script": "SixIsland_OutcastIsland_EventScript_Geb",
      "flag": "0"
    },
    {
      "type": "object",
      "graphics_id": "OBJ_EVENT_GFX_ITEM_BALL",
      "x": 11,
      "y": 16,
      "elevation": 3,
      "movement_type": "MOVEMENT_TYPE_FACE_DOWN",
      "movement_range_x": 1,
      "movement_range_y": 1,
      "trainer_type": "TRAINER_TYPE_NONE",
      "trainer_sight_or_berry_tree_id": "0",
      "script": "SixIsland_OutcastIsland_EventScript_ItemPPUp",
      "flag": "FLAG_HIDE_SIX_ISLAND_OUTCAST_ISLAND_PP_UP"
    }
  ],
  "warp_events": [
    {
      "x": 7,
      "y": 21,
      "elevation": 3,
      "dest_map": "MAP_SIX_ISLAND_ALTERING_CAVE",
      "dest_warp_id": "0"
    }
  ],
  "coord_events": [],
  "bg_events": [
    {
      "type": "hidden_item",
      "x": 16,
      "y": 23,
      "elevation": 3,
      "item": "ITEM_STAR_PIECE",
      "flag": "FLAG_HIDDEN_ITEM_SIX_ISLAND_OUTCAST_ISLAND_STAR_PIECE",
      "quantity": 1,
      "underfoot": false
    },
    {
      "type": "hidden_item",
      "x": 6,
      "y": 24,
      "elevation": 3,
      "item": "ITEM_NET_BALL",
      "flag": "FLAG_HIDDEN_ITEM_SIX_ISLAND_OUTCAST_ISLAND_NET_BALL",
      "quantity": 1,
      "underfoot": false
    }
  ]
}
