{
  "id": "MAP_FIVE_ISLAND_ROCKET_WAREHOUSE",
  "name": "FiveIsland_RocketWarehouse",
  "layout": "LAYOUT_FIVE_ISLAND_ROCKET_WAREHOUSE",
  "music": "MUS_ROCKET_HIDEOUT",
  "region_map_section": "MAPSEC_ROCKET_WAREHOUSE",
  "requires_flash": false,
  "weather": "WEATHER_NONE",
  "map_type": "MAP_TYPE_INDOOR",
  "allow_cycling": false,
  "allow_escaping": true,
  "allow_running": false,
  "show_map_name": true,
  "floor_number": 0,
  "battle_scene": "MAP_BATTLE_SCENE_INDOOR_2",
  "connections": null,
  "object_events": [
    {
      "type": "object",
      "graphics_id": "OBJ_EVENT_GFX_ROCKET_M",
      "x": 15,
      "y": 11,
      "elevation": 3,
      "movement_type": "MOVEMENT_TYPE_FACE_DOWN_AND_LEFT",
      "movement_range_x": 1,
      "movement_range_y": 1,
      "trainer_type": "TRAINER_TYPE_NORMAL",
      "trainer_sight_or_berry_tree_id": "1",
      "script": "FiveIsland_RocketWarehouse_EventScript_Grunt2",
      "flag": "FLAG_HIDE_FIVE_ISLAND_ROCKETS"
    },
    {
      "type": "object",
      "graphics_id": "OBJ_EVENT_GFX_ROCKET_M",
      "x": 17,
      "y": 15,
      "elevation": 3,
      "movement_type": "MOVEMENT_TYPE_FACE_RIGHT",
      "movement_range_x": 1,
      "movement_range_y": 1,
      "trainer_type": "TRAINER_TYPE_NORMAL",
      "trainer_sight_or_berry_tree_id": "1",
      "script": "FiveIsland_RocketWarehouse_EventScript_Grunt3",
      "flag": "FLAG_HIDE_FIVE_ISLAND_ROCKETS"
    },
    {
      "type": "object",
      "graphics_id": "OBJ_EVENT_GFX_ROCKET_F",
      "x": 27,
      "y": 16,
      "elevation": 3,
      "movement_type": "MOVEMENT_TYPE_FACE_LEFT",
      "movement_range_x": 1,
      "movement_range_y": 1,
      "trainer_type": "TRAINER_TYPE_NORMAL",
      "trainer_sight_or_berry_tree_id": "3",
      "script": "FiveIsland_RocketWarehouse_EventScript_Admin1",
      "flag": "FLAG_HIDE_FIVE_ISLAND_ROCKETS"
    },
    {
      "type": "object",
      "graphics_id": "OBJ_EVENT_GFX_ROCKET_M",
      "x": 25,
      "y": 11,
      "elevation": 3,
      "movement_type": "MOVEMENT_TYPE_FACE_RIGHT",
      "movement_range_x": 1,
      "movement_range_y": 1,
      "trainer_type": "TRAINER_TYPE_NORMAL",
      "trainer_sight_or_berry_tree_id": "3",
      "script": "FiveIsland_RocketWarehouse_EventScript_Admin2",
      "flag": "FLAG_HIDE_FIVE_ISLAND_ROCKETS"
    },
    {
      "type": "object",
      "graphics_id": "OBJ_EVENT_GFX_ROCKET_F",
      "x": 6,
      "y": 6,
      "elevation": 3,
      "movement_type": "MOVEMENT_TYPE_FACE_UP_AND_RIGHT",
      "movement_range_x": 1,
      "movement_range_y": 1,
      "trainer_type": "TRAINER_TYPE_NORMAL",
      "trainer_sight_or_berry_tree_id": "3",
      "script": "FiveIsland_RocketWarehouse_EventScript_Grunt1",
      "flag": "FLAG_HIDE_FIVE_ISLAND_ROCKETS"
    },
    {
      "type": "object",
      "graphics_id": "OBJ_EVENT_GFX_SCIENTIST",
      "x": 27,
      "y": 4,
      "elevation": 3,
      "movement_type": "MOVEMENT_TYPE_FACE_LEFT",
      "movement_range_x": 1,
      "movement_range_y": 1,
      "trainer_type": "TRAINER_TYPE_NORMAL",
      "trainer_sight_or_berry_tree_id": "0",
      "script": "FiveIsland_RocketWarehouse_EventScript_Gideon",
      "flag": "0"
    },
    {
      "type": "object",
      "graphics_id": "OBJ_EVENT_GFX_ITEM_BALL",
      "x": 8,
      "y": 25,
      "elevation": 3,
      "movement_type": "MOVEMENT_TYPE_FACE_DOWN",
      "movement_range_x": 1,
      "movement_range_y": 1,
      "trainer_type": "TRAINER_TYPE_NONE",
      "trainer_sight_or_berry_tree_id": "0",
      "script": "FiveIsland_RocketWarehouse_EventScript_ItemBigPearl",
      "flag": "FLAG_HIDE_FIVE_ISLAND_ROCKET_WAREHOUSE_BIG_PEARL"
    },
    {
      "type": "object",
      "graphics_id": "OBJ_EVENT_GFX_ITEM_BALL",
      "x": 17,
      "y": 3,
      "elevation": 0,
      "movement_type": "MOVEMENT_TYPE_FACE_DOWN",
      "movement_range_x": 1,
      "movement_range_y": 1,
      "trainer_type": "TRAINER_TYPE_NONE",
      "trainer_sight_or_berry_tree_id": "0",
      "script": "FiveIsland_RocketWarehouse_EventScript_ItemTM36",
      "flag": "FLAG_HIDE_FIVE_ISLAND_ROCKET_WAREHOUSE_TM36"
    },
    {
      "type": "object",
      "graphics_id": "OBJ_EVENT_GFX_ITEM_BALL",
      "x": 1,
      "y": 16,
      "elevation": 3,
      "movement_type": "MOVEMENT_TYPE_FACE_DOWN",
      "movement_range_x": 1,
      "movement_range_y": 1,
      "trainer_type": "TRAINER_TYPE_NONE",
      "trainer_sight_or_berry_tree_id": "0",
      "script": "FiveIsland_RocketWarehouse_EventScript_ItemPearl",
      "flag": "FLAG_HIDE_FIVE_ISLAND_ROCKET_WAREHOUSE_PEARL"
    },
    {
      "type": "object",
      "graphics_id": "OBJ_EVENT_GFX_ITEM_BALL",
      "x": 4,
      "y": 5,
      "elevation": 3,
      "movement_type": "MOVEMENT_TYPE_FACE_DOWN",
      "movement_range_x": 1,
      "movement_range_y": 1,
      "trainer_type": "TRAINER_TYPE_NONE",
      "trainer_sight_or_berry_tree_id": "0",
      "script": "FiveIsland_RocketWarehouse_EventScript_ItemUpGrade",
      "flag": "FLAG_HIDE_FIVE_ISLAND_ROCKET_WAREHOUSE_UP_GRADE"
    }
  ],
  "warp_events": [
    {
      "x": 24,
      "y": 25,
      "elevation": 3,
      "dest_map": "MAP_FIVE_ISLAND_MEADOW",
      "dest_warp_id": "0"
    }
  ],
  "coord_events": [
    {
      "type": "trigger",
      "x": 22,
      "y": 11,
      "elevation": 3,
      "var": "VAR_MAP_SCENE_ROCKET_WAREHOUSE",
      "var_value": "0",
      "script": "FiveIsland_RocketWarehouse_EventScript_Admin2Trigger"
    },
    {
      "type": "trigger",
      "x": 23,
      "y": 11,
      "elevation": 3,
      "var": "VAR_MAP_SCENE_ROCKET_WAREHOUSE",
      "var_value": "0",
      "script": "FiveIsland_RocketWarehouse_EventScript_Admin2Trigger"
    },
    {
      "type": "trigger",
      "x": 24,
      "y": 11,
      "elevation": 3,
      "var": "VAR_MAP_SCENE_ROCKET_WAREHOUSE",
      "var_value": "0",
      "script": "FiveIsland_RocketWarehouse_EventScript_Admin2Trigger"
    }
  ],
  "bg_events": [
    {
      "type": "sign",
      "x": 11,
      "y": 2,
      "elevation": 0,
      "player_facing_dir": "BG_EVENT_PLAYER_FACING_ANY",
      "script": "FiveIsland_RocketWarehouse_EventScript_Cage"
    },
    {
      "type": "sign",
      "x": 26,
      "y": 11,
      "elevation": 0,
      "player_facing_dir": "BG_EVENT_PLAYER_FACING_EAST",
      "script": "FiveIsland_RocketWarehouse_EventScript_Computer"
    },
    {
      "type": "hidden_item",
      "x": 27,
      "y": 2,
      "elevation": 0,
      "item": "ITEM_NEST_BALL",
      "flag": "FLAG_HIDDEN_ITEM_FIVE_ISLAND_ROCKET_WAREHOUSE_NEST_BALL",
      "quantity": 1,
      "underfoot": false
    },
    {
      "type": "hidden_item",
      "x": 7,
      "y": 16,
      "elevation": 0,
      "item": "ITEM_NET_BALL",
      "flag": "FLAG_HIDDEN_ITEM_FIVE_ISLAND_ROCKET_WAREHOUSE_NET_BALL",
      "quantity": 1,
      "underfoot": false
    },
    {
      "type": "sign",
      "x": 12,
      "y": 2,
      "elevation": 0,
      "player_facing_dir": "BG_EVENT_PLAYER_FACING_ANY",
      "script": "FiveIsland_RocketWarehouse_EventScript_Cage"
    },
    {
      "type": "sign",
      "x": 10,
      "y": 2,
      "elevation": 0,
      "player_facing_dir": "BG_EVENT_PLAYER_FACING_ANY",
      "script": "FiveIsland_RocketWarehouse_EventScript_Cage"
    },
    {
      "type": "sign",
      "x": 9,
      "y": 2,
      "elevation": 0,
      "player_facing_dir": "BG_EVENT_PLAYER_FACING_ANY",
      "script": "FiveIsland_RocketWarehouse_EventScript_Cage"
    },
    {
      "type": "sign",
      "x": 8,
      "y": 2,
      "elevation": 0,
      "player_facing_dir": "BG_EVENT_PLAYER_FACING_ANY",
      "script": "FiveIsland_RocketWarehouse_EventScript_Cage"
    },
    {
      "type": "sign",
      "x": 7,
      "y": 2,
      "elevation": 0,
      "player_facing_dir": "BG_EVENT_PLAYER_FACING_ANY",
      "script": "FiveIsland_RocketWarehouse_EventScript_Cage"
    },
    {
      "type": "sign",
      "x": 11,
      "y": 5,
      "elevation": 0,
      "player_facing_dir": "BG_EVENT_PLAYER_FACING_ANY",
      "script": "FiveIsland_RocketWarehouse_EventScript_Cage"
    },
    {
      "type": "sign",
      "x": 10,
      "y": 5,
      "elevation": 0,
      "player_facing_dir": "BG_EVENT_PLAYER_FACING_ANY",
      "script": "FiveIsland_RocketWarehouse_EventScript_Cage"
    },
    {
      "type": "sign",
      "x": 11,
      "y": 4,
      "elevation": 0,
      "player_facing_dir": "BG_EVENT_PLAYER_FACING_ANY",
      "script": "FiveIsland_RocketWarehouse_EventScript_Cage"
    },
    {
      "type": "sign",
      "x": 10,
      "y": 4,
      "elevation": 0,
      "player_facing_dir": "BG_EVENT_PLAYER_FACING_ANY",
      "script": "FiveIsland_RocketWarehouse_EventScript_Cage"
    },
    {
      "type": "sign",
      "x": 8,
      "y": 4,
      "elevation": 0,
      "player_facing_dir": "BG_EVENT_PLAYER_FACING_ANY",
      "script": "FiveIsland_RocketWarehouse_EventScript_Cage"
    },
    {
      "type": "sign",
      "x": 7,
      "y": 4,
      "elevation": 0,
      "player_facing_dir": "BG_EVENT_PLAYER_FACING_ANY",
      "script": "FiveIsland_RocketWarehouse_EventScript_Cage"
    },
    {
      "type": "sign",
      "x": 8,
      "y": 5,
      "elevation": 0,
      "player_facing_dir": "BG_EVENT_PLAYER_FACING_ANY",
      "script": "FiveIsland_RocketWarehouse_EventScript_Cage"
    },
    {
      "type": "sign",
      "x": 7,
      "y": 5,
      "elevation": 0,
      "player_facing_dir": "BG_EVENT_PLAYER_FACING_ANY",
      "script": "FiveIsland_RocketWarehouse_EventScript_Cage"
    },
    {
      "type": "sign",
      "x": 5,
      "y": 3,
      "elevation": 0,
      "player_facing_dir": "BG_EVENT_PLAYER_FACING_ANY",
      "script": "FiveIsland_RocketWarehouse_EventScript_Cage"
    },
    {
      "type": "sign",
      "x": 4,
      "y": 3,
      "elevation": 0,
      "player_facing_dir": "BG_EVENT_PLAYER_FACING_ANY",
      "script": "FiveIsland_RocketWarehouse_EventScript_Cage"
    },
    {
      "type": "sign",
      "x": 5,
      "y": 4,
      "elevation": 0,
      "player_facing_dir": "BG_EVENT_PLAYER_FACING_ANY",
      "script": "FiveIsland_RocketWarehouse_EventScript_Cage"
    },
    {
      "type": "sign",
      "x": 4,
      "y": 4,
      "elevation": 0,
      "player_facing_dir": "BG_EVENT_PLAYER_FACING_ANY",
      "script": "FiveIsland_RocketWarehouse_EventScript_Cage"
    },
    {
      "type": "sign",
      "x": 3,
      "y": 4,
      "elevation": 0,
      "player_facing_dir": "BG_EVENT_PLAYER_FACING_ANY",
      "script": "FiveIsland_RocketWarehouse_EventScript_Cage"
    },
    {
      "type": "sign",
      "x": 2,
      "y": 4,
      "elevation": 0,
      "player_facing_dir": "BG_EVENT_PLAYER_FACING_ANY",
      "script": "FiveIsland_RocketWarehouse_EventScript_Cage"
    },
    {
      "type": "sign",
      "x": 2,
      "y": 5,
      "elevation": 0,
      "player_facing_dir": "BG_EVENT_PLAYER_FACING_ANY",
      "script": "FiveIsland_RocketWarehouse_EventScript_Cage"
    },
    {
      "type": "sign",
      "x": 3,
      "y": 5,
      "elevation": 0,
      "player_facing_dir": "BG_EVENT_PLAYER_FACING_ANY",
      "script": "FiveIsland_RocketWarehouse_EventScript_Cage"
    }
  ]
}
